timestamp,open,high,low,close,adjusted close,volume,dividend amount
2017-12-22,71.1800,73.6999,70.4400,73.4300,73.4300,637623,0.0000
2017-12-15,70.9700,71.8200,70.1600,70.3400,70.3400,639515,0.0000
2017-12-08,71.7100,71.9200,69.6000,70.9300,70.9300,890537,0.0000
2017-12-01,72.7500,72.8000,70.7100,70.9200,70.9200,776626,0.0000
2017-11-24,69.9800,72.8500,69.8600,72.5800,72.5800,443944,0.0000
2017-11-17,73.5800,73.7700,70.2100,70.6500,70.6500,758224,0.0000
2017-11-10,73.4800,76.8100,73.4800,74.4900,74.4900,1048090,0.0000
2017-11-03,73.7100,74.6800,73.4900,73.5800,73.5800,727253,0.0000
2017-10-27,73.3900,73.3900,72.0900,72.9600,72.9600,485234,0.0000
2017-10-20,75.0100,75.8100,73.0300,73.4200,73.4200,621859,0.0000
2017-10-13,74.5000,75.0000,74.1700,74.4800,74.4800,809998,0.0000
2017-10-06,75.8500,76.2300,74.2100,74.3800,74.3800,687734,0.0000
2017-09-29,74.9200,76.0200,73.8100,75.7600,75.7600,1079881,0.0000
2017-09-22,76.9100,77.2000,75.4300,75.6900,75.6900,856447,1.5014
2017-09-15,78.5000,80.2900,77.3800,78.4600,76.9617,981192,0.0000
2017-09-08,77.3300,78.9700,76.7200,78.3500,76.8538,731079,0.0000
2017-09-01,74.6800,77.7700,74.1747,77.6200,76.1377,895477,0.0000
2017-08-25,73.2300,75.8800,73.0000,75.0000,73.5677,658273,0.0000
2017-08-18,75.3100,75.4300,71.7200,72.7600,71.3705,600675,0.0000
2017-08-11,75.3200,76.2900,73.6000,74.9700,73.5383,592354,0.0000
2017-08-04,76.3700,77.1700,75.4600,75.9000,74.4506,495451,0.0000
2017-07-28,76.8400,77.4900,75.8200,76.5000,75.0391,480492,0.0000
2017-07-21,77.0900,78.6900,76.5600,76.8100,75.3432,497963,0.0000
2017-07-14,76.8100,79.7700,76.5000,77.5900,76.1083,768937,2.2222
2017-07-07,78.8500,78.9800,77.1600,77.5100,73.9129,410080,0.0000
2017-06-30,79.5900,80.1700,77.7400,78.6000,74.9524,554706,0.0000
2017-06-23,81.9900,82.1900,79.0600,79.6300,75.9346,463836,0.0000
2017-06-16,82.1600,83.4400,80.6800,81.1100,77.3459,455329,0.0000
2017-06-09,82.5900,83.6000,82.0900,82.3800,78.5569,505111,0.0000
2017-06-02,81.8700,83.0600,81.8700,82.7600,78.9193,537885,0.0000
2017-05-26,81.2400,82.5300,80.7800,82.4900,78.6618,429206,0.0000
2017-05-19,82.7600,83.2200,80.0000,81.4500,77.6701,601514,0.0000
2017-05-12,78.6200,81.1300,78.4000,80.9200,77.1647,451296,0.0000
2017-05-05,81.7000,81.8700,77.6200,78.6100,74.9619,622031,0.0000
2017-04-28,81.5500,83.1600,80.8100,81.3700,77.5938,573687,0.0000
2017-04-21,81.6100,82.3400,79.0900,80.8400,77.0884,580975,0.0000
2017-04-13,83.3800,83.9200,81.6400,81.7000,77.9085,577665,0.0000
2017-04-07,81.4500,84.8800,81.0000,84.5000,80.5786,480829,0.0000
2017-03-31,79.5200,82.5900,79.5100,81.5100,77.7273,614138,0.0000
2017-03-24,77.2500,79.7200,76.9800,79.1900,75.5150,500671,0.0000
2017-03-17,75.6200,77.3000,74.5400,76.6600,73.1024,386446,0.0000
2017-03-10,76.9000,78.2700,74.8100,74.9500,71.4718,525540,0.0000
2017-03-03,77.9300,78.2800,76.4500,76.8500,73.2836,311032,0.0000
2017-02-24,80.0300,80.2100,78.0900,78.1600,74.5328,282612,0.0000
2017-02-17,79.9900,80.3300,77.1100,78.0500,74.4279,374845,0.0000
2017-02-10,79.7500,80.2000,78.0600,80.0600,76.3446,385034,0.0000
2017-02-03,79.7400,80.4500,79.2700,79.9300,76.2206,591791,0.0000
2017-01-27,78.3400,81.6400,78.3101,80.2200,76.4972,532183,0.0000
2017-01-20,79.4600,79.7200,77.6300,78.3200,74.6854,322659,0.0000
2017-01-13,75.1400,78.6900,74.6300,78.1600,74.5328,438698,0.0000
2017-01-06,72.1600,74.9800,71.5800,74.6500,71.1857,416488,0.0000
2016-12-30,70.9900,71.3800,70.6400,71.0200,67.7241,319981,0.0000
2016-12-23,72.5700,73.1200,70.6010,70.8600,67.5716,388760,0.0000
2016-12-16,71.8600,75.4200,71.1700,72.9700,69.5836,614714,0.0000
2016-12-09,71.0800,72.8900,70.6600,71.7700,68.4393,458159,0.0000
2016-12-02,70.7300,72.7400,69.3200,70.9200,67.6288,855081,0.0000
2016-11-25,68.7800,70.6600,68.6100,69.6900,66.4559,482136,0.0000
2016-11-18,68.7000,70.0200,67.8200,68.3500,65.1780,1017684,0.0000
2016-11-11,73.4000,74.4300,68.4925,69.2500,66.0363,942536,0.0000
2016-11-04,72.6500,74.7689,71.2100,71.4000,68.0865,498866,0.0000
2016-10-28,76.3900,76.7000,72.5301,72.5400,69.1736,442457,0.0000
2016-10-21,73.8700,75.8400,73.5800,75.3900,71.8913,467075,0.0000
2016-10-14,76.7500,77.9300,72.4700,74.1500,70.7089,530839,0.0000
2016-10-07,73.1700,77.3900,73.0000,76.3200,72.7782,640655,0.0000
2016-09-30,69.3300,74.4230,68.8500,73.8500,70.4228,576626,0.0000
2016-09-23,69.0200,71.6700,68.6400,70.0500,66.7992,531271,0.0000
2016-09-16,69.3600,71.1600,67.8800,68.9700,65.7693,681205,0.0000
2016-09-09,73.7200,73.7200,69.7500,70.0300,66.7801,486780,1.0532
2016-09-02,71.8800,73.8699,70.8000,73.3700,68.9715,748199,0.0000
2016-08-26,71.7400,73.7100,71.2600,72.1600,67.8340,496357,0.0000
2016-08-19,72.6100,73.6300,72.0200,72.4300,68.0878,435690,0.0000
2016-08-12,71.8800,72.7000,71.3000,72.6900,68.3322,478308,0.0000
2016-08-05,71.7700,72.1700,70.2600,72.1200,67.7964,452800,0.0000
2016-07-29,73.2000,74.2000,71.0300,71.8100,67.5050,422724,0.0000
2016-07-22,74.3700,75.2600,72.4000,73.2100,68.8211,343553,0.0000
2016-07-15,72.1100,75.5100,71.9600,74.6500,70.1747,599829,0.0000
2016-07-08,70.8800,71.1900,68.7500,70.8600,66.6119,366784,0.0000
2016-07-01,67.4900,72.8500,66.4189,72.5500,68.2006,760905,0.0000
2016-06-24,68.9700,72.2500,66.8300,67.0400,63.0209,422956,0.0000
2016-06-17,69.0400,70.1000,65.4600,67.2800,63.2466,958074,0.8080
2016-06-10,70.2000,73.3800,69.7200,70.0900,65.1083,696624,0.0000
2016-06-03,68.2400,70.0800,67.7700,69.6300,64.6810,631230,0.0000
2016-05-27,65.7400,68.9800,65.2800,68.1500,63.3062,620988,0.0000
2016-05-20,65.6400,67.2450,64.9900,66.3700,61.6527,626626,0.0000
2016-05-13,66.8200,67.9450,64.6101,64.8600,60.2501,723778,0.0000
2016-05-06,71.0100,71.0100,66.4300,67.1800,62.4052,794434,0.0000
2016-04-29,69.6000,73.8000,68.9500,70.7700,65.7400,1082252,0.0000
2016-04-22,67.4400,70.6300,67.3100,69.8200,64.8575,895897,0.0000
2016-04-15,66.3400,70.3400,66.1600,67.8100,62.9904,597955,0.0000
2016-04-08,65.4500,65.9400,62.7400,65.0400,60.4173,1198867,0.0000
2016-04-01,61.4200,66.3900,60.6700,65.3500,60.7052,652476,0.0000
2016-03-24,63.1000,63.3800,60.2400,61.3400,56.9802,409195,0.0000
2016-03-18,62.9300,64.2580,61.3301,63.4800,58.9681,620298,0.0000
2016-03-11,63.2900,64.4300,61.0300,64.3400,59.7670,606187,0.0000
2016-03-04,56.9900,64.1200,56.6100,63.8700,59.3304,782466,0.0000
2016-02-26,56.9400,58.1200,53.7420,57.0200,52.9673,569537,0.0000
2016-02-19,56.0300,57.6200,55.2000,56.1400,52.1498,707726,0.0000
2016-02-12,53.7600,55.0400,50.9500,55.0100,51.1001,598441,0.0000
2016-02-05,54.7100,56.8800,52.6200,55.2000,51.2766,819394,0.0000
2016-01-29,54.4300,56.4600,52.8600,56.3100,52.3077,818340,0.0000
2016-01-22,53.1300,54.8522,48.2800,54.7800,50.8865,699246,0.0000
2016-01-15,55.4100,55.9588,49.6000,50.6100,47.0129,876638,0.0000
2016-01-08,58.3900,58.7400,53.4900,54.4800,50.6078,922511,0.0000
2015-12-31,60.6600,63.1600,57.3600,59.9800,55.7169,604812,0.0000
2015-12-24,59.7500,64.2200,58.9200,63.6400,59.1168,635953,0.0000
2015-12-18,55.8700,61.4400,55.1200,59.7400,55.4940,1118287,0.0000
2015-12-11,60.3500,60.4900,55.4700,55.7300,51.7690,725165,0.0000
2015-12-04,61.4500,63.2500,61.1000,61.7600,57.3704,721390,0.0000
2015-11-27,64.9200,65.3700,61.1300,61.6100,57.2311,572993,0.0000
2015-11-20,64.3500,65.9400,63.8600,65.2900,60.6495,740779,0.0000
2015-11-13,70.0000,70.2300,64.0900,64.6200,60.0271,689128,0.0000
2015-11-06,71.5700,74.1999,69.9000,70.7700,65.7400,602199,0.0000
2015-10-30,73.9900,74.1600,71.3300,72.0800,66.9569,754953,0.0000
2015-10-23,74.4600,75.5300,72.3300,75.3900,70.0316,643637,0.0000
2015-10-16,72.3200,74.1300,70.6000,73.8800,68.6290,737694,0.0000
2015-10-09,65.2000,71.2100,65.1600,70.0000,65.0247,730440,0.0000
2015-10-02,61.5000,63.9700,58.1400,63.9700,59.4233,682207,0.0000
2015-09-25,66.1700,66.8200,61.5401,61.8700,57.4726,732913,0.0000
2015-09-18,65.5000,69.4500,65.1100,65.9400,61.2533,728784,0.0000
2015-09-11,64.8300,69.5500,64.4700,65.4600,60.8074,1876144,1.2469
2015-09-04,66.5100,68.2600,60.7000,60.8100,55.4321,956431,0.0000
2015-08-28,63.3700,68.1000,62.7500,67.3500,61.3937,979364,0.0000
2015-08-21,73.8600,74.3100,66.7000,66.7000,60.8011,700078,0.0000
2015-08-14,74.5300,75.6800,73.5000,74.6400,68.0389,605008,0.0000
2015-08-07,74.5300,75.7100,73.8820,74.3900,67.8111,445328,0.0000
2015-07-31,73.9900,77.1600,73.2000,75.2100,68.5585,633360,0.0000
2015-07-24,78.7900,79.5700,76.3500,76.6300,69.8530,537537,0.0000
2015-07-17,80.0000,80.4100,78.5500,79.3000,72.2868,558531,0.0000
2015-07-10,83.6600,84.1200,78.0000,80.0700,72.9887,1138146,0.0000
2015-07-02,84.3000,86.5300,83.5000,84.3200,76.8629,632671,0.0000
2015-06-26,84.8600,88.7800,84.7400,85.4500,77.8929,690864,0.0000
2015-06-19,82.2400,84.7100,80.4500,83.8200,76.4071,730438,0.0000
2015-06-12,85.5800,86.1700,82.3701,83.2300,75.8693,600560,1.5995
2015-06-05,87.9300,88.0000,83.7300,84.6000,75.6650,763876,0.0000
2015-05-29,92.8300,93.0500,87.5700,87.6700,78.4108,805475,0.0000
2015-05-22,88.3600,91.4300,87.9500,91.0300,81.4159,685845,0.0000
2015-05-15,91.6500,91.8099,88.7000,90.5600,80.9955,801886,0.0000
2015-05-08,94.9000,96.0100,90.4000,92.0200,82.3013,898221,0.0000
2015-05-01,94.0200,96.6900,93.0800,94.8800,84.8593,1141065,0.0000
2015-04-24,88.1900,92.0000,88.0225,91.7300,82.0420,693445,0.0000
2015-04-17,88.0000,90.8000,85.4601,88.5700,79.2157,835549,0.0000
2015-04-10,80.6400,87.3900,80.6400,86.9700,77.7847,1253838,0.0000
2015-04-02,78.3500,80.5600,78.3500,80.2000,71.7297,741329,0.0000
2015-03-27,78.7700,78.7700,76.3500,77.4100,69.2344,1619245,0.0000
2015-03-20,78.9900,80.7100,77.7700,80.2600,71.7834,1642965,0.0000
2015-03-13,79.9400,79.9400,77.7700,78.6700,70.3613,518384,0.0000
2015-03-06,83.6300,83.6800,78.6500,78.9400,70.6028,639933,0.0000
2015-02-27,82.9500,84.2300,81.9650,83.6800,74.8422,567201,0.0000
2015-02-20,81.6400,84.2500,80.5100,83.3800,74.5738,638972,0.0000
2015-02-13,79.0600,80.4400,78.1500,80.1300,71.6671,498086,0.0000
2015-02-06,79.1900,83.4100,78.7400,79.0400,70.6922,727049,0.0000
2015-01-30,81.9500,82.0700,78.1800,79.2100,70.8443,620396,0.0000
2015-01-23,79.6300,82.4900,78.8400,81.9100,73.2591,636094,0.0000
2015-01-16,80.1800,81.6600,79.0200,80.8200,72.2842,1093208,0.0000
2015-01-09,81.4700,81.8600,78.6700,80.0200,71.5687,764559,0.0000
2015-01-02,81.9800,82.1300,79.8000,80.2100,71.7386,554440,0.0000
2014-12-26,81.0000,82.8700,80.2300,81.9000,73.2502,432069,0.0000
2014-12-19,77.9800,81.2900,75.3100,81.2000,72.6241,1207611,0.0000
2014-12-12,83.6400,83.7688,76.1100,76.1200,68.0806,1040002,0.0000
2014-12-05,79.0200,85.7500,78.5500,85.6000,76.5594,895278,0.0000
2014-11-28,83.9800,83.9900,80.4700,80.8500,72.3110,481683,0.0000
2014-11-21,80.4100,84.4200,79.7300,84.1300,75.2446,778133,0.0000
2014-11-14,83.6400,83.9800,81.8500,82.8300,74.0819,508507,0.0000
2014-11-07,86.6200,86.6200,83.0200,83.6100,74.7796,593166,0.0000
2014-10-31,84.8000,87.9500,82.4400,86.9800,77.7936,843282,0.0000
2014-10-24,84.2800,86.2100,84.1136,85.8100,76.7472,675533,0.0000
2014-10-17,86.0700,86.9100,83.0400,85.3600,76.3447,776742,0.0000
2014-10-10,86.8500,87.9000,85.2100,85.2800,76.2732,924741,0.0000
2014-10-03,87.7200,88.0200,84.8100,85.2600,76.2553,1001326,0.0000
2014-09-26,88.9000,91.7700,87.8800,90.0200,80.5126,908061,0.0000
2014-09-19,94.2500,94.2500,89.7500,90.0400,80.5304,1607332,0.0000
2014-09-12,105.6700,105.8800,98.6600,99.2400,88.7588,789382,1.2937
2014-09-05,101.0200,105.8400,100.9100,105.2800,92.9491,442826,0.0000
2014-08-29,103.0000,103.9270,100.0500,101.0000,89.1704,694975,0.0000
2014-08-22,98.2800,100.4500,97.6800,100.2600,88.5171,635296,0.0000
2014-08-15,98.2900,100.1700,97.4600,98.6800,87.1222,470125,0.0000
2014-08-08,97.5500,98.5600,94.9600,98.4300,86.9014,523909,0.0000
2014-08-01,97.2800,99.8400,96.6400,97.5300,86.1069,939023,0.0000
2014-07-25,93.3500,99.2300,92.9400,98.2600,86.7514,677556,0.0000
2014-07-18,93.3900,94.8200,93.3600,94.5700,83.4935,310962,0.0000
2014-07-11,94.9300,95.6800,92.3600,93.2700,82.3458,548583,0.0000
2014-07-03,95.8200,95.9500,94.7300,95.7300,84.5177,468290,0.0000
2014-06-27,93.8600,96.5400,92.3500,96.5400,85.2328,723948,0.0000
2014-06-20,96.0400,97.5200,94.8900,96.7300,85.4006,1000106,0.0000
2014-06-13,92.2900,96.0900,92.1000,95.9500,84.7119,488888,0.0000
2014-06-06,91.3000,92.7300,90.6900,92.2000,81.4011,644549,0.0000
2014-05-30,90.3000,91.6400,89.2800,90.3000,79.7237,471237,0.0000
2014-05-23,90.5900,91.7700,89.4400,91.4900,80.7743,584094,2.1732
2014-05-16,90.4400,91.9000,89.8900,91.0700,78.5186,627356,0.0000
2014-05-09,87.1200,88.4550,85.8800,87.7700,75.6734,1089903,0.0000
2014-05-02,90.4400,90.4800,87.9200,88.8300,76.5873,977551,0.0000
2014-04-25,90.2600,93.8300,88.8901,90.0500,77.6392,611473,0.0000
2014-04-17,93.5000,93.5000,87.7800,90.4700,78.0013,518343,0.0000
2014-04-11,90.2700,95.6800,89.6400,93.1300,80.2947,724590,0.0000
2014-04-04,89.6000,90.6000,88.8400,89.4900,77.1564,658666,0.0000
2014-03-28,89.9500,90.4200,87.8200,89.7000,77.3374,912843,0.0000
2014-03-21,86.3200,86.5300,82.7400,86.2600,74.3715,2276911,0.0000
2014-03-14,88.8200,89.1200,82.6300,83.9900,72.4144,1145636,0.0000
2014-03-07,86.8000,90.8200,86.5600,89.9600,77.5616,1282541,0.0000
2014-02-28,83.3100,90.2500,81.7900,88.4300,76.2424,1474228,0.0000
2014-02-21,77.5400,86.8000,76.8000,84.3000,72.6816,1932951,0.0000
2014-02-14,74.7200,78.9800,73.9900,78.4900,67.6724,941468,0.0000
2014-02-07,79.0200,79.4600,74.6600,75.4500,65.0514,1561797,0.0000
2014-01-31,79.8200,80.7800,77.7500,78.8300,67.9655,701348,0.0000
2014-01-24,81.5100,83.2600,79.3800,79.4700,68.5173,705283,0.0000
2014-01-17,75.8500,77.7700,75.0200,77.2300,66.5860,572759,0.0000
2014-01-10,77.9900,77.9900,74.4000,75.8000,65.3531,653824,0.0000
2014-01-03,81.0800,82.4500,78.0000,78.6700,67.8276,430274,0.0000
2013-12-27,80.2500,82.5300,79.6400,82.4800,71.1125,318003,0.0000
2013-12-20,83.7400,84.3600,80.2600,80.7000,69.5778,469383,0.0000
2013-12-13,86.0200,86.7500,81.4600,83.7000,72.1643,837653,0.0000
2013-12-06,85.8100,86.4200,83.1400,86.2300,74.3457,510910,0.0000
2013-11-29,87.5000,88.0050,85.6100,86.2800,74.3888,435715,0.0000
2013-11-22,89.6900,90.8800,86.1610,86.7600,74.8026,913793,0.0000
2013-11-15,81.9600,86.1300,80.5000,85.6900,73.8801,563788,0.0000
2013-11-08,82.4800,83.4100,80.2100,81.0400,69.8709,580842,0.0000
2013-11-01,76.9100,82.1800,76.6000,81.4100,70.1900,714670,0.0000
2013-10-25,80.3300,81.3800,77.3300,77.6000,66.9051,404696,0.0000
2013-10-18,80.2700,81.4100,79.4800,80.5400,69.4399,306239,0.0000
2013-10-11,79.5400,81.1000,78.9500,81.1000,69.9227,237679,0.0000
2013-10-04,78.0600,80.4900,77.7100,80.4600,69.3709,269379,0.0000
2013-09-27,79.2500,80.0000,78.1314,79.2900,68.3621,289395,0.0000
2013-09-20,79.6600,81.5100,78.5900,79.5000,68.5432,424300,0.0000
2013-09-13,79.3000,80.6000,77.5600,78.0000,67.2499,473512,0.0000
2013-09-06,76.5300,78.4100,75.3900,77.9400,67.1982,436037,1.2927
2013-08-30,75.5000,75.5000,71.6300,71.9800,61.0258,693986,0.0000
2013-08-23,75.9900,76.2200,72.8000,75.0700,63.6456,296727,0.0000
2013-08-16,74.5900,76.2500,74.5900,75.1600,63.7219,277785,0.0000
2013-08-09,75.1500,75.3200,71.7300,73.0700,61.9500,462720,0.0000
2013-08-02,74.4500,75.4950,73.5800,75.3500,63.8830,417186,0.0000
2013-07-26,72.5300,76.0000,72.2300,75.5300,64.0356,454453,0.0000
2013-07-19,70.9300,72.6900,70.5500,72.4700,61.4413,410843,0.0000
2013-07-12,68.2500,72.2500,68.0000,70.9900,60.1865,590141,0.0000
2013-07-05,91.9600,92.1400,66.3300,67.8800,57.5498,454936,20.4480
2013-06-28,85.9900,92.3300,84.1900,91.5000,45.9025,661900,0.0000
2013-06-21,94.1400,95.3200,87.2800,89.0200,44.6584,433325,0.0000
2013-06-14,95.1700,96.3700,91.9000,92.0900,46.1985,359103,0.0000
2013-06-07,102.1500,103.9290,96.7900,99.3300,49.8306,316716,2.5650
2013-05-31,107.0400,107.5699,101.8100,101.8100,49.7890,259755,0.0000
2013-05-24,110.4000,111.3300,105.1700,106.0900,51.8821,271346,0.0000
2013-05-17,111.0500,111.2275,109.4500,110.4000,53.9899,160556,0.0000
2013-05-10,108.8600,113.0900,108.7100,111.5100,54.5327,258017,0.0000
2013-05-03,108.3800,110.5700,107.5100,109.1200,53.3639,406794,0.0000
2013-04-26,109.1700,109.6400,105.9000,108.4300,53.0265,359802,0.0000
2013-04-19,110.3700,110.9100,106.5000,108.9300,53.2710,390394,0.0000
2013-04-12,112.8500,115.1700,112.7000,113.4400,55.4765,276229,0.0000
2013-04-05,116.9000,117.8400,111.7700,113.4500,55.4814,331496,0.0000
2013-03-28,115.5100,117.2900,114.4500,116.9200,57.1784,281648,0.0000
2013-03-22,111.4000,114.8300,111.3600,113.5500,55.5303,431287,0.0000
2013-03-15,115.5900,116.0100,111.4000,113.3000,55.4081,344502,0.0000
2013-03-08,114.7400,116.1400,114.1800,116.0800,56.7676,331077,0.0000
2013-03-01,113.4300,116.2500,111.4700,116.1700,56.8116,310868,0.0000
2013-02-22,113.6300,114.1399,111.7200,112.7500,55.1391,465439,0.0000
2013-02-15,111.3900,112.2800,110.6800,111.9400,54.7430,177139,0.0000
2013-02-08,119.7900,119.9000,109.9520,111.6200,54.5865,1195348,0.0000
2013-02-01,121.1500,122.8100,120.1500,121.3000,59.3204,222247,0.0000
2013-01-25,119.6200,122.3400,118.2000,121.3400,59.3400,218581,0.0000
2013-01-18,118.8700,119.0700,116.1200,118.6800,58.0391,282987,0.0000
2013-01-11,116.9700,119.3000,116.1800,119.1500,58.2690,320612,0.0000
2013-01-04,113.2000,118.4900,113.0100,118.4900,57.9462,268193,0.0000
2012-12-28,112.5400,113.8000,111.3900,112.1500,54.8457,177761,0.0000
2012-12-21,110.2900,115.3100,110.2900,113.1100,55.3152,387271,0.0000
2012-12-14,110.8300,112.9800,110.7800,112.2700,54.9044,455043,0.0000
2012-12-07,105.2800,110.2100,104.2600,109.8900,53.7405,581480,0.0000
2012-11-30,107.0100,107.0700,103.0400,105.9000,51.7892,221137,0.0000
2012-11-23,102.9400,108.5900,102.5500,108.5300,53.0754,253449,0.0000
2012-11-16,104.7200,105.2200,100.3500,102.0300,49.8966,377596,0.0000
2012-11-09,107.0000,107.5900,103.2664,104.4500,51.0801,411496,0.0000
2012-11-02,105.5100,110.1200,104.4000,108.3200,52.9727,378118,0.0000
2012-10-26,107.3400,108.3400,103.4783,103.6700,50.6986,404947,0.0000
2012-10-19,101.3100,106.5000,100.8600,105.3600,51.5251,449639,0.0000
2012-10-12,95.3300,101.0300,94.8400,100.7300,49.2609,511495,0.0000
2012-10-05,92.5000,95.1100,92.5000,94.2800,46.1066,306881,0.0000
2012-09-28,92.0200,93.1700,90.3000,92.4200,45.1970,281758,0.0000
2012-09-21,93.3500,93.5750,91.4700,92.1800,45.0796,397677,0.0000
2012-09-14,91.4100,95.7000,90.5900,95.5900,46.7472,491560,0.0000
2012-09-07,91.5200,91.8300,88.5000,90.1400,44.0819,364295,1.3983
2012-08-31,95.4400,96.1800,93.9100,94.2500,45.3767,251493,0.0000
2012-08-24,96.5100,97.0500,92.3000,93.3000,44.9193,319547,0.0000
2012-08-17,95.2500,96.9500,94.6100,96.7000,46.5563,333750,0.0000
2012-08-10,93.5000,96.2500,93.5000,96.0400,46.2385,465758,0.0000
2012-08-03,89.6500,91.7500,89.4150,91.4400,44.0238,313099,0.0000
2012-07-27,87.8500,89.5900,86.5025,89.3100,42.9984,416414,0.0000
2012-07-20,87.0600,90.2400,86.3600,89.7800,43.2246,327270,0.0000
2012-07-13,84.6500,87.9900,82.5100,87.8200,42.2810,582118,0.0000
2012-07-06,89.3900,89.5100,85.0900,85.5500,41.1881,369401,0.0000
2012-06-29,86.8200,89.2900,85.5800,89.1900,42.9406,565661,0.0000
2012-06-22,90.5100,91.8000,87.8200,88.5600,42.6373,536759,0.0000
2012-06-15,91.9000,92.1900,89.0300,90.5500,43.5954,943298,0.0000
2012-06-08,88.2100,93.0100,87.3400,91.2000,43.9083,663891,0.0000
2012-06-01,91.6200,93.0800,87.4400,88.1700,42.4495,655336,0.0000
2012-05-25,91.9900,93.0300,90.2900,90.8500,43.7398,952464,0.0000
2012-05-18,97.5200,97.7500,91.6600,92.1900,44.3849,758849,2.8510
2012-05-11,103.4800,104.1000,98.3200,98.8800,46.1957,696031,0.0000
2012-05-04,107.3900,107.9200,103.3900,103.9200,48.5504,886067,0.0000
2012-04-27,104.7400,106.8100,103.8900,106.2900,49.6576,656803,0.0000
2012-04-20,106.8100,107.7200,105.0300,107.2400,50.1015,475911,0.0000
2012-04-13,106.3700,108.7000,104.7400,106.3600,49.6903,555826,0.0000
2012-04-05,108.4100,110.4700,106.8200,107.9000,50.4098,572522,0.0000
2012-03-30,112.9100,113.9500,107.3000,108.7200,50.7929,800090,0.0000
2012-03-23,117.1500,117.8900,109.5900,111.3000,51.9982,856785,0.0000
2012-03-16,115.2200,117.0900,113.5000,115.7400,54.0726,633756,0.0000
2012-03-09,113.3000,115.9900,110.6500,115.5100,53.9651,653293,0.0000
2012-03-02,110.8400,115.5001,110.7900,114.9300,53.6941,951919,0.0000
2012-02-24,113.0000,114.6200,111.3900,113.0400,52.8112,815652,0.0000
2012-02-17,119.7100,121.3500,117.7900,120.6800,56.3805,381032,0.0000
2012-02-10,120.7700,122.8700,117.3600,118.9700,55.5816,960558,0.0000
2012-02-03,118.6500,125.3600,117.7000,124.9500,58.3754,841224,0.0000
2012-01-27,117.0000,118.9700,116.3000,118.7500,55.4788,425723,0.0000
2012-01-20,116.4500,119.1900,115.9300,117.3400,54.8201,414138,0.0000
2012-01-13,114.7400,117.4000,113.0400,114.1300,53.3204,799605,0.0000
2012-01-06,110.3000,116.5400,108.8100,113.4800,53.0167,1176626,0.0000
2011-12-30,106.4500,106.7600,104.8900,105.0500,49.0783,323357,0.0000
2011-12-23,102.4800,106.8100,100.9400,106.7900,49.8912,804822,0.0000
2011-12-16,102.2600,103.5000,100.2500,101.8900,47.6020,1053076,0.0000
2011-12-09,106.0000,107.1300,101.8700,103.9500,48.5644,850913,0.0000
2011-12-02,103.4900,106.6000,101.8300,105.5500,49.3119,1008734,0.0000
2011-11-25,101.8500,103.5200,100.8000,102.1000,47.7001,691130,0.0000
2011-11-18,107.2800,107.2800,100.6100,101.8100,47.5646,845598,0.0000
2011-11-11,102.4000,107.4800,100.6300,106.4800,49.7464,1255473,0.0000
2011-11-04,95.6600,101.7900,91.3200,101.6500,47.4899,1084637,0.0000
2011-10-28,94.3800,101.8900,93.7100,97.1100,45.3688,1130120,0.0000
2011-10-21,92.4100,94.4200,90.1200,92.8900,43.3973,701424,0.0000
2011-10-14,92.6900,95.0600,90.6000,94.8400,44.3083,1298807,0.0000
2011-10-07,97.4600,99.6600,93.6100,95.2800,44.5139,1415037,0.0000
2011-09-30,92.8700,98.9900,92.0700,95.8000,44.7568,1118656,0.0000
2011-09-23,96.2100,99.2900,88.0000,93.3700,43.6215,1234356,0.0000
2011-09-16,92.7800,98.0300,91.6400,97.2200,45.4202,674943,0.0000
2011-09-09,95.4500,99.3500,93.1200,93.8900,43.8645,862174,1.3860
2011-09-02,95.9700,99.3900,94.9300,95.4800,43.9905,790479,0.0000
2011-08-26,85.8100,92.2800,84.0000,91.1900,42.0140,756054,0.0000
2011-08-19,87.3200,88.5500,83.1300,84.4200,38.8948,853820,0.0000
2011-08-12,87.3000,88.9500,82.5000,85.1200,39.2173,2131728,0.0000
2011-08-05,100.6200,100.6200,87.6600,90.2100,41.5624,1362006,0.0000
2011-07-29,98.3300,99.8100,97.5600,99.0100,45.6169,476824,0.0000
2011-07-22,97.2800,99.5500,95.9200,99.4500,45.8196,801146,0.0000
2011-07-15,99.8500,100.1700,97.1000,97.9200,45.1147,749739,0.0000
2011-07-08,101.8000,102.1300,100.0000,100.8900,46.4830,559279,0.0000
2011-07-01,97.4500,102.6500,97.1900,102.4300,47.1926,945049,0.0000
2011-06-24,92.2900,96.4800,92.1700,95.8800,44.1748,1159330,0.0000
2011-06-17,96.5500,97.4700,93.2300,93.4200,43.0414,870973,0.0000
2011-06-10,98.6700,99.1800,95.6500,95.8600,44.1656,908156,1.7770
2011-06-03,99.9800,100.0100,98.0000,99.0600,44.8139,658903,0.0000
2011-05-27,95.5800,98.4200,94.8300,97.7700,44.2303,693466,0.0000
2011-05-20,96.9700,98.1500,96.3800,97.2500,43.9951,1164722,0.0000
2011-05-13,97.2800,99.1400,96.4900,97.4500,44.0856,1170685,0.0000
2011-05-06,100.8700,101.9100,95.2800,97.0600,43.9091,1382418,0.0000
2011-04-29,102.9500,103.0600,99.3300,100.7700,45.5875,1075448,0.0000
2011-04-21,101.2100,103.3000,99.5000,102.9600,46.5782,557916,0.0000
2011-04-15,105.8800,105.9800,102.3800,102.7800,46.4968,1106989,0.0000
2011-04-08,102.0100,105.8800,101.0800,105.0200,47.5102,1144500,0.0000
2011-04-01,99.4000,101.3800,98.0900,101.3200,45.8363,969384,0.0000
2011-03-25,98.1900,101.5600,98.0100,101.2200,45.7911,1181117,0.0000
2011-03-18,101.3400,102.1700,96.0800,97.1800,43.9634,1054633,0.0000
2011-03-11,100.3500,104.0300,98.6280,101.3200,45.8363,1237084,0.0000
2011-03-04,102.6200,103.7600,99.2400,99.7000,45.1034,1332432,0.0000
2011-02-25,103.7500,104.1600,98.7599,101.3900,45.8680,1697559,0.0000
2011-02-18,106.0200,109.7499,104.1900,109.3900,49.4871,1002441,0.0000
2011-02-11,108.6000,111.9200,102.4400,105.6000,47.7726,1554978,0.0000
2011-02-04,109.7300,111.9100,109.2800,110.9600,50.1974,1422129,0.0000
2011-01-28,100.7300,107.4900,100.3400,104.6200,47.3292,1084784,0.0000
2011-01-21,100.3500,103.3699,99.9300,101.6400,45.9811,774346,0.0000
2011-01-14,98.2800,101.9900,97.3200,101.2600,45.8092,818777,0.0000
2011-01-07,97.4800,100.0000,97.0600,99.0400,44.8049,960573,0.0000
2010-12-31,93.8400,95.9600,92.0600,95.6900,43.2894,504819,0.0000
2010-12-23,92.0800,95.3600,91.3000,94.2800,42.6515,619157,0.0000
2010-12-17,95.2100,96.3700,90.7300,91.1500,41.2355,919795,0.0000
2010-12-10,92.4600,94.2300,91.0900,93.5800,42.3348,969317,0.0000
2010-12-03,93.5500,96.2900,91.9700,94.4600,42.7329,1611310,0.0000
2010-11-26,94.7500,96.1400,92.5840,93.5500,42.3212,824002,0.0000
2010-11-19,97.2800,97.9900,93.0100,94.8200,42.8958,1132369,0.0000
2010-11-12,101.7100,102.7900,98.2400,98.8200,44.7053,1209704,0.0000
2010-11-05,97.0300,102.9500,95.9400,101.5000,45.9178,978448,0.0000
2010-10-29,95.5100,98.8400,94.2900,95.3100,43.1174,1175605,0.0000
2010-10-22,96.5400,97.6870,92.9600,93.1700,42.1493,1109938,0.0000
2010-10-15,88.9500,97.0000,88.7500,96.7100,43.7508,1817776,0.0000
2010-10-08,89.3600,90.7000,86.8900,88.7500,40.1498,1113872,0.0000
2010-10-01,87.4000,89.6000,85.7900,88.9200,40.2267,1109928,0.0000
2010-09-24,84.8399,87.4000,84.7100,87.3000,39.4938,1061795,0.0000
2010-09-17,82.6000,83.9150,81.9500,83.4600,37.7566,699328,0.0000
2010-09-10,81.6000,82.2100,80.6700,81.2800,36.7704,438793,0.0000
2010-09-03,79.8500,81.1700,78.9800,81.0200,36.6528,827895,1.0422
2010-08-27,81.5600,81.6100,77.7900,80.1300,35.7842,958298,0.0000
2010-08-20,79.1800,82.2200,78.5800,81.6900,36.4808,894763,0.0000
2010-08-13,81.5000,81.8400,77.8300,78.7800,35.1813,742590,0.0000
2010-08-06,82.6000,83.1400,80.4000,81.6800,36.4764,813237,0.0000
2010-07-30,79.7000,81.0900,79.2500,80.5200,35.9583,588657,0.0000
2010-07-23,77.6000,80.7700,76.7100,80.3300,35.8735,1154353,0.0000
2010-07-16,80.5300,81.1300,76.4600,76.7400,34.2703,1236866,0.0000
2010-07-09,81.9400,82.0800,79.4100,80.8800,36.1191,1092958,0.0000
2010-07-02,84.0100,84.1499,78.7700,79.7000,35.5922,1190677,0.0000
2010-06-25,83.6200,84.0800,81.3800,83.7000,37.3785,1230543,0.0000
2010-06-18,80.0000,81.9900,79.0300,80.9200,36.1370,1195489,0.0000
2010-06-11,75.9500,79.4800,74.4400,79.1500,35.3465,1498305,0.0000
2010-06-04,77.2700,78.6800,75.0100,75.6200,33.7701,1036461,1.4291
2010-05-28,76.8000,80.5399,73.5300,78.6600,34.4867,1801228,0.0000
2010-05-21,76.1600,77.4900,72.9300,76.4100,33.5003,1929423,0.0000
2010-05-14,77.7900,78.8600,75.0200,76.3500,33.4740,1651246,0.0000
2010-05-07,79.3000,80.1900,70.1500,74.2800,32.5664,2257277,0.0000
2010-04-30,83.8100,83.9400,79.7600,80.2600,35.1882,1406293,0.0000
2010-04-23,81.9000,84.0200,80.9600,83.4800,36.5999,1165340,0.0000
2010-04-16,84.6900,87.6900,82.5500,82.7300,36.2711,1835525,0.0000
2010-04-09,85.1200,86.5600,82.3800,85.8600,37.6434,1522363,0.0000
2010-04-01,81.9000,85.0500,81.3300,85.0100,37.2707,836598,0.0000
2010-03-26,80.1700,82.4000,79.1900,82.3400,36.1001,1518048,0.0000
2010-03-19,79.4900,82.6100,78.7500,80.3600,35.2320,888216,0.0000
2010-03-12,80.1400,80.9500,78.8700,79.8700,35.0172,1200756,0.0000
2010-03-05,79.2000,80.6400,78.1200,80.6000,35.3373,1717706,0.0000
2010-02-26,75.9200,79.2400,74.0200,79.1800,34.7147,1379523,0.0000
2010-02-19,76.3500,77.6400,75.0200,75.9700,33.3074,1091840,0.0000
2010-02-12,74.1400,77.2100,73.3500,75.5000,33.1013,1528882,0.0000
2010-02-05,78.6500,80.6900,73.0800,74.8800,32.8295,1739519,0.0000
2010-01-29,80.9700,81.0400,77.5000,77.6900,34.0614,1432231,0.0000
2010-01-22,84.8100,86.2300,79.3900,79.4200,34.8199,1320100,0.0000
2010-01-15,87.3100,87.4200,83.9500,84.5700,37.0778,1298357,0.0000
2010-01-08,87.2800,88.4000,86.1300,87.1300,38.2002,1382575,0.0000
2009-12-31,88.1700,88.8500,87.2600,88.0700,38.6123,800353,0.0000
2009-12-24,85.8400,87.6900,85.5000,87.4000,38.3186,662379,0.0000
2009-12-18,88.4000,89.0700,84.8700,85.3000,37.3979,1748642,0.0000
2009-12-11,85.6200,85.6200,82.4100,82.9500,36.3676,1226565,0.0000
2009-12-04,83.3300,86.5600,82.8000,85.3500,37.4198,1168934,0.0000
2009-11-27,87.1300,87.9000,82.5600,84.5000,37.0471,1192143,0.0000
2009-11-20,88.1900,89.6900,85.5500,86.3300,37.8495,1598451,0.0000
2009-11-13,89.6600,90.9300,86.9700,88.3500,38.7351,1654845,0.0000
2009-11-06,86.3300,88.9500,84.5200,88.3400,38.7307,1300546,0.0000
2009-10-30,87.7000,88.9800,84.1400,84.3600,36.9858,2064256,0.0000
2009-10-23,91.5500,91.7000,86.0400,87.4500,38.3405,1830554,0.0000
2009-10-16,88.5000,92.3400,87.3400,90.0800,39.4936,1547042,0.0000
2009-10-09,82.6400,89.1100,82.0800,88.4900,38.7965,1458451,0.0000
2009-10-02,85.9700,88.1700,80.6300,82.0500,35.9730,1618439,0.0000
2009-09-25,87.3600,89.0000,85.1400,86.2100,37.7968,1227713,0.0000
2009-09-18,85.9100,90.4900,85.9100,88.6200,38.8535,1187023,0.0000
2009-09-11,90.3300,90.7300,86.2400,86.8900,38.0950,1049250,0.9020
2009-09-04,83.7600,88.9100,83.3500,88.6500,38.4737,2402513,0.0000
2009-08-28,92.2200,93.0000,86.0000,86.4100,37.5015,2235727,0.0000
2009-08-21,82.7600,91.2600,81.4175,90.6600,39.3460,1844000,0.0000
2009-08-14,87.9700,88.4900,84.3332,86.1000,37.3670,1544145,0.0000
2009-08-07,92.6500,94.0000,87.2500,87.7000,38.0614,1546030,0.0000
2009-07-31,92.6800,92.6800,85.3300,89.3600,38.7818,1880305,0.0000
2009-07-24,84.0300,92.6000,81.2500,91.7200,39.8060,2412242,0.0000
2009-07-17,77.5700,83.3000,77.1600,83.0000,36.0216,1610237,0.0000
2009-07-10,75.9900,80.2000,74.9800,79.0000,34.2856,2420893,0.0000
2009-07-02,74.7500,77.8800,73.9200,74.6300,32.3891,2463764,0.0000
2009-06-26,73.1000,73.9000,70.0000,72.7900,31.5905,2018420,0.0000
2009-06-19,73.1800,74.1700,70.1818,72.9500,31.6599,1860722,0.0000
2009-06-12,74.2100,78.2100,72.1900,76.0700,33.0140,1929902,0.0000
2009-06-05,82.9900,83.8300,74.1800,75.2300,32.6495,2731897,0.1417
2009-05-29,80.1100,83.0000,79.0900,82.0000,35.5212,1428827,0.0000
2009-05-22,79.3800,85.5400,79.3800,81.4000,35.2613,2186680,0.0000
2009-05-15,78.6700,80.6100,76.0200,79.1600,34.2910,2855684,0.0000
2009-05-08,83.5000,86.0000,79.4700,84.6900,36.6865,2796151,0.0000
2009-05-01,75.5700,79.0000,71.5100,78.7200,34.1004,2077009,0.0000
2009-04-24,78.1600,79.8800,74.6300,77.4500,33.5502,3272961,0.0000
2009-04-17,73.4900,78.9700,71.7500,77.8600,33.7278,2813670,0.0000
2009-04-09,73.1500,73.4200,69.0100,73.2400,31.7265,3461483,0.0000
2009-04-03,61.0800,74.1900,59.3800,71.8700,31.1330,4408268,0.0000
2009-03-27,55.6500,65.3500,55.2100,63.4400,27.4813,5028093,0.0000
2009-03-20,53.9200,56.6100,52.5100,52.8200,22.8809,3846559,0.0000
2009-03-13,47.0000,53.3200,46.4500,53.0100,22.9632,3616515,0.0000
2009-03-06,49.7200,53.8600,46.8300,48.9200,21.1914,4183827,0.0000
2009-02-27,55.7000,56.4600,50.7400,52.4500,22.7206,2385673,0.0000
2009-02-20,53.5600,57.2500,52.3200,53.9800,23.3833,2322013,0.0000
2009-02-13,59.8800,61.4500,53.5200,56.5300,24.4880,2974471,0.0000
2009-02-06,53.0700,61.3000,52.4100,60.8600,26.3637,2513741,0.0000
2009-01-30,54.7200,58.7100,53.6100,54.0600,23.4180,1977118,0.0000
2009-01-23,55.5400,56.5700,51.2850,55.0700,23.8555,2703321,0.0000
2009-01-16,58.1800,58.6000,51.5000,55.6700,24.1154,2293666,0.0000
2009-01-09,67.8700,69.0700,59.9500,60.1500,26.0561,2064409,0.0000
2009-01-02,61.2000,66.6800,59.8300,66.3100,28.7245,1519844,0.0000
2008-12-26,66.9600,68.0100,60.0100,60.5400,26.2250,3572385,0.0000
2008-12-19,66.3500,70.1000,63.7300,68.7100,29.7642,4314866,0.0000
2008-12-12,65.5600,71.4200,64.1600,67.8300,29.3830,3710765,0.0000
2008-12-05,64.1700,64.7000,58.1800,62.1100,26.9051,3584486,0.0000
2008-11-28,57.2200,66.9900,56.9000,66.5300,28.8198,3173711,0.0000
2008-11-21,57.7700,59.6000,50.2100,59.6000,25.8178,4457406,0.0000
2008-11-14,63.0900,63.8500,54.9000,57.6300,24.9645,3925793,0.0000
2008-11-07,61.5100,65.3400,53.1900,59.7500,25.8828,3612821,0.0000
2008-10-31,51.0000,68.3195,50.0200,65.0300,28.1700,3473542,0.0000
2008-10-24,73.4500,78.0000,55.0100,57.0500,24.7132,4595239,0.0000
2008-10-17,71.7500,77.5500,63.5000,69.3300,30.0327,4300429,0.0000
2008-10-10,72.2900,75.6700,55.8200,62.5000,27.0741,4013502,0.0000
2008-10-03,76.6900,81.6600,71.1800,77.0000,33.3553,2872762,0.0000
2008-09-26,89.0500,89.3000,81.0000,85.4300,37.0070,2438873,0.0000
2008-09-19,83.2700,92.0000,74.4400,90.6600,39.2726,4663164,0.0000
2008-09-12,94.0000,94.1295,84.4000,87.7300,38.0034,2735807,0.3749
2008-09-05,97.7600,98.7900,88.5900,91.5300,39.4837,2481772,0.0000
2008-08-29,99.7000,101.8500,95.7400,97.2900,41.9685,3139346,0.0000
2008-08-22,99.1100,101.6800,95.4800,100.0000,43.1375,2636491,0.0000
2008-08-15,108.5100,110.5000,98.2600,100.3800,43.3014,3288314,0.0000
2008-08-08,104.5200,111.4200,101.4100,110.3600,47.6065,3574926,0.0000
2008-08-01,102.0000,109.2900,100.3000,105.3800,45.4583,2988996,0.0000
2008-07-25,98.8800,106.5300,96.9800,103.1400,44.4920,3245932,0.0000
2008-07-18,92.9300,98.2000,87.6200,97.9900,42.2704,3862475,0.0000
2008-07-11,93.7000,96.6000,90.4200,92.1200,39.7382,4560798,0.0000
2008-07-03,92.5800,93.6300,86.1400,88.1300,38.0171,2361692,0.0000
2008-06-27,101.1600,101.6100,91.6900,92.4000,39.8590,4459949,0.0000
2008-06-20,96.0000,114.6280,95.5600,101.3900,43.7371,7588076,0.0000
2008-06-13,100.5000,101.6300,92.9500,95.5900,41.2351,2959493,0.0000
2008-06-06,103.7500,104.7400,98.0700,100.2800,43.2583,3876950,1.6324
2008-05-30,91.4900,101.4899,90.2500,100.8700,42.8123,2954340,0.0000
2008-05-23,97.9800,98.1900,90.9000,91.6900,38.9160,3953952,0.0000
2008-05-16,97.7500,99.9200,95.2500,98.4500,41.7852,2798363,0.0000
2008-05-09,111.7500,112.4000,96.7500,98.3500,41.7427,3381988,0.0000
2008-05-02,102.7000,113.9800,102.0000,112.5600,47.7739,2809876,0.0000
2008-04-25,95.7000,109.0000,94.5200,106.7500,45.3079,5624603,0.0000
2008-04-18,87.9100,95.4000,86.3400,91.2000,38.7080,4389793,0.0000
2008-04-11,99.1900,99.1900,87.5700,88.8800,37.7234,3834318,0.0000
2008-04-04,86.9500,97.4900,85.1900,94.6200,40.1596,3473600,0.0000
2008-03-28,81.0000,88.0900,81.0000,87.1800,37.0018,3462628,0.0000
2008-03-20,79.0100,86.5500,78.0000,83.0900,35.2659,4124515,0.0000
2008-03-14,95.5300,100.8200,84.1000,84.9900,36.0723,3535210,0.0000
2008-03-07,109.4300,110.5800,94.6500,95.5900,40.5713,2878486,0.0000
2008-02-29,107.0100,116.1500,105.4100,109.4400,46.4497,2990522,0.0000
2008-02-22,119.2200,120.0000,106.8500,109.6200,46.5260,2332630,0.0000
2008-02-15,110.9800,118.1100,107.2000,118.1100,50.1295,2728156,0.0000
2008-02-08,119.7000,121.4800,106.9100,112.0900,47.5744,2926038,0.0000
2008-02-01,113.6000,116.1250,102.7000,113.1000,48.0031,3075698,0.0000
2008-01-25,101.0200,120.8800,101.0200,117.1300,49.7135,3891698,0.0000
2008-01-18,130.3400,130.4800,111.0900,116.2400,49.3358,5274149,0.0000
2008-01-11,143.8900,146.9900,132.8600,133.4500,56.6402,3890599,0.0000
2008-01-04,149.0800,151.0000,142.2900,143.5000,60.9057,1832578,0.0000
2007-12-28,153.5200,156.0000,148.5700,149.0700,63.2698,1133323,0.0000
2007-12-21,137.0000,150.9400,133.5000,150.9300,64.0593,2732956,0.0000
2007-12-14,158.9000,161.6900,141.0000,142.0000,60.2691,2735996,0.0000
2007-12-07,149.1800,167.2100,147.2300,159.8700,67.8537,2322476,0.0000
2007-11-30,141.9500,154.7100,136.3201,152.8900,64.8911,3548170,0.0000
2007-11-23,133.2100,141.0000,128.7100,134.4900,57.0816,2629137,0.0000
2007-11-16,130.0000,151.0900,124.9300,138.4000,58.7412,4188016,0.0000
2007-11-09,143.9800,144.9200,128.0700,136.2700,57.8371,5516090,0.0000
2007-11-02,150.7000,169.0000,149.0600,158.8400,67.4165,5587900,0.0000
2007-10-26,149.0000,156.8000,146.6000,150.5100,63.8810,3570477,0.0000
2007-10-19,165.9700,178.9100,152.0000,154.7300,65.6721,9796900,0.0000
2007-10-12,122.6000,149.7100,121.3400,148.9500,63.2189,4519300,0.0000
2007-10-05,123.1100,128.7600,116.4000,126.8100,53.8220,2986400,0.0000
2007-09-28,121.5000,126.4900,117.9000,123.1100,52.2516,2528500,0.0000
2007-09-21,106.1100,116.5700,104.1300,115.7300,49.1193,3107640,0.0000
2007-09-14,106.5100,108.2200,104.9400,106.7000,45.2867,1826600,0.0000
2007-09-07,109.0000,111.3200,104.9500,106.3000,45.1169,1526700,0.6424
2007-08-31,107.5000,111.4100,102.0800,110.1500,46.4702,3754600,0.0000
2007-08-24,94.6100,107.4100,92.8500,106.6900,45.0105,2881600,0.0000
2007-08-17,97.2000,97.7800,85.1700,93.4400,39.4205,3996700,0.0000
2007-08-10,99.7200,101.9500,92.8700,96.6800,40.7874,4483370,0.0000
2007-08-03,104.7000,107.2500,99.4800,99.9000,42.1459,3210600,0.0000
2007-07-27,106.3500,107.3300,100.2800,102.7400,43.3440,4253400,0.0000
2007-07-20,113.0000,114.1600,104.1300,104.7500,44.1920,3237600,0.0000
2007-07-13,115.3800,116.4100,113.5000,115.0600,48.5416,1663600,0.0000
2007-07-06,113.3300,116.2000,112.6500,116.1600,49.0057,1891600,0.0000
2007-06-29,111.6600,115.6900,110.5200,111.6400,47.0988,2643100,0.0000
2007-06-22,114.0000,117.9600,112.4300,114.7400,48.4066,2227300,0.0000
2007-06-15,108.4000,113.2300,106.9200,113.2300,47.7696,2113750,0.0000
2007-06-08,109.5000,112.7100,107.1900,109.4000,46.1537,2626900,1.4174
2007-06-01,102.7000,111.3000,100.5000,110.3200,45.9466,2527854,0.0000
2007-05-25,103.7000,105.9600,99.8300,102.2000,42.5648,2733841,0.0000
2007-05-18,102.6000,105.9800,101.3700,103.5000,43.1062,3190432,0.0000
2007-05-11,90.8500,101.2900,90.8500,100.0000,41.6485,4028835,0.0000
2007-05-04,88.2900,91.0978,86.5200,89.9900,37.4795,1551275,0.0000
2007-04-27,89.4100,89.9600,87.9600,89.2600,37.1755,1058050,0.0000
2007-04-20,92.5000,92.9300,86.0500,89.4000,37.2338,2791970,0.0000
2007-04-13,88.2700,94.7800,88.2700,91.7500,38.2125,2362200,0.0000
2007-04-05,85.2500,88.5400,85.0700,88.0700,36.6798,816900,0.0000
2007-03-30,84.3221,86.4800,82.8100,84.4800,35.1847,1924862,0.0000
2007-03-23,75.3100,84.4800,75.0000,83.1900,34.6474,2769900,0.0000
2007-03-16,78.4500,79.3800,74.7500,75.3700,31.3905,1739200,0.0000
2007-03-09,72.5500,79.0700,71.9400,78.4500,32.6733,2620100,0.0000
2007-03-02,86.5500,86.7000,75.4000,76.0500,31.6737,3281251,0.0000
2007-02-23,82.9500,86.8700,82.0000,85.3400,35.5428,1085100,0.0000
2007-02-16,82.6000,83.0000,81.7900,82.9500,34.5474,1083075,0.0000
2007-02-09,82.8900,84.2900,81.7600,82.4800,34.3517,1163900,0.0000
2007-02-02,83.9800,85.9800,82.0000,82.6500,34.4225,1894100,0.0000
2007-01-26,86.9700,87.7700,82.7000,83.9700,34.9722,2156800,0.0000
2007-01-19,83.7200,85.0700,80.5300,84.9000,35.3596,1971200,0.0000
2007-01-12,91.5300,92.2900,82.5000,84.3000,35.1097,4603400,0.0000
2007-01-05,95.5000,95.5000,90.0400,90.9500,37.8793,2462700,0.0000
2006-12-29,87.3500,92.9700,87.0700,92.6400,38.5832,1283400,0.0000
2006-12-22,86.3300,88.1900,85.1900,86.1600,35.8844,1048900,0.0000
2006-12-15,81.4800,85.6800,81.0500,85.5600,35.6345,965000,0.0000
2006-12-08,80.4500,84.7100,79.7500,80.5800,33.5604,1748477,0.0000
2006-12-01,78.5900,81.3000,70.0000,81.0000,33.7353,2242300,0.0000
2006-11-24,75.7100,81.1000,75.5000,79.3500,33.0481,1370700,0.0000
2006-11-17,73.2010,74.4200,71.9500,74.3400,30.9615,1335400,0.0000
2006-11-10,72.0000,74.6900,71.8500,73.2000,30.4867,1537200,0.0000
2006-11-03,66.4600,70.1800,66.0800,69.6500,29.0082,2040900,0.0000
2006-10-27,65.6000,69.2200,65.6000,66.4500,27.6754,1581100,0.0000
2006-10-20,64.1000,66.4600,63.4650,66.1200,27.5380,1598000,0.0000
2006-10-13,61.3000,64.1800,60.4200,63.7100,26.5343,1576900,0.0000
2006-10-06,61.6500,62.0800,59.3500,61.4700,25.6013,1366200,0.0000
2006-09-29,62.0500,62.8000,61.0700,61.9200,25.7888,1207400,0.0000
2006-09-22,62.0000,63.6500,61.6800,62.7900,26.1511,1293800,0.0000
2006-09-15,60.0500,63.0600,59.2500,61.6200,25.6638,1545800,0.4800
2006-09-08,62.3500,62.8700,60.7600,60.8600,25.1453,1153031,0.0000
2006-09-01,58.1000,60.9800,58.1000,60.9800,25.1948,1253800,0.0000
2006-08-25,59.0500,59.7500,58.0300,58.0700,23.9925,905800,0.0000
2006-08-18,58.9900,60.3900,58.3500,59.6200,24.6329,1410700,0.0000
2006-08-11,56.2000,58.7400,55.6501,58.4100,24.1330,1145977,0.0000
2006-08-04,58.6000,58.9000,55.4000,55.8800,23.0877,928000,0.0000
2006-07-28,55.0000,57.0000,54.9100,56.9500,23.5298,1020600,0.0000
2006-07-21,54.2500,55.1000,53.1400,54.3000,22.4349,1136200,0.0000
2006-07-14,56.3100,57.3200,54.6000,55.4200,22.8976,1094600,0.0000
2006-07-07,56.8800,57.7200,55.7000,56.0800,23.1703,711992,0.0000
2006-06-30,53.7500,57.6900,53.3500,57.2400,23.6496,1322100,0.0000
2006-06-23,52.8500,54.1000,51.0200,53.9900,22.3068,1317400,0.0000
2006-06-16,49.8600,53.9500,47.1600,53.0500,21.9184,2244892,0.0000
2006-06-09,57.5000,57.7400,50.2000,50.7200,20.9558,1559677,1.0991
2006-06-02,59.9500,60.4000,56.1000,56.5700,22.9027,1560778,0.0000
2006-05-26,58.0000,63.6800,57.1001,60.0400,24.3076,2463424,0.0000
2006-05-19,64.7000,67.0000,60.1000,62.1500,25.1618,1596200,0.0000
2006-05-12,68.3900,69.9900,66.0400,67.5200,27.3359,1384000,0.0000
2006-05-05,64.5000,68.2000,64.1200,68.2000,27.6112,955800,0.0000
2006-04-28,69.9000,69.9300,62.7000,64.3000,26.0322,1793692,0.0000
2006-04-21,60.5000,71.9600,60.5000,71.9400,29.1253,2138300,0.0000
2006-04-13,61.4900,61.6900,59.9101,60.1000,24.3318,835700,0.0000
2006-04-07,59.6500,61.8500,59.5600,60.6900,24.5707,1354700,0.0000
2006-03-31,60.5300,60.8000,57.2800,58.3600,23.6274,1345600,0.0000
2006-03-24,59.5000,62.1500,58.5100,61.6300,24.9513,1148600,0.0000
2006-03-17,56.5700,58.9800,56.1600,58.4000,23.6436,497900,0.0000
2006-03-10,60.6400,60.6400,54.3500,55.5300,22.4817,992200,0.0000
2006-03-03,61.1300,61.1900,58.7500,60.3900,24.4493,1328100,0.0000
2006-02-24,61.8000,62.2000,60.4200,60.4800,24.4857,1003500,0.0000
2006-02-17,59.3200,62.2500,59.3100,60.9500,24.6760,1080400,0.0000
2006-02-10,60.5000,61.6100,57.8801,58.6700,23.7529,1013500,0.0000
2006-02-03,61.1000,64.5400,58.0605,58.5900,23.7205,1753100,0.0000
2006-01-27,57.2900,60.7200,56.3800,60.5900,24.5302,998500,0.0000
2006-01-20,53.4000,58.7500,52.6100,57.2900,23.1942,1434400,0.0000
2006-01-13,52.6200,55.1900,52.1700,55.1500,22.3278,859400,0.0000
2006-01-06,49.7000,52.5800,49.5300,52.4500,21.2347,1146846,0.0000
2005-12-30,49.8000,51.0500,48.5100,49.6000,20.0809,594000,0.0000
2005-12-23,49.4500,49.8800,49.1500,49.7700,20.1497,715100,0.0000
2005-12-16,48.7500,49.0999,47.4200,47.5600,19.2550,586900,0.0000
2005-12-09,45.9000,48.4900,45.9000,48.1500,19.4938,944600,0.0000
2005-12-02,45.9200,46.3600,44.7100,45.7200,18.5100,1041400,0.0000
2005-11-25,46.0500,46.7500,45.7000,46.3900,18.7813,707100,0.0000
2005-11-18,44.3200,46.3200,44.1500,46.2600,18.7286,1167600,0.0000
2005-11-11,43.7500,45.1600,42.9500,44.3000,17.9351,1433000,0.0000
2005-11-04,39.9600,43.6300,39.5810,43.5400,17.6274,1855100,0.0000
2005-10-28,41.2600,42.1400,39.3510,39.8000,16.1133,1839500,0.0000
2005-10-21,44.0000,44.4700,40.7000,41.7500,16.9027,1303800,0.0000
2005-10-14,44.0500,44.6000,42.1500,42.8500,17.3481,1175000,0.0000
2005-10-07,45.8200,46.0900,42.3600,43.5500,17.6315,1456600,0.0000
2005-09-30,42.8100,46.0000,42.5800,45.2600,18.3238,1501100,0.0000
2005-09-23,43.5000,44.2200,42.3800,42.7000,17.2874,1009700,0.0000
2005-09-16,45.0900,45.1000,43.0100,43.2000,17.4898,1077800,0.0000
2005-09-09,45.1500,45.3800,44.6000,45.1800,18.2914,687600,0.4938
2005-09-02,43.8000,45.4500,43.7300,44.9000,17.9815,1325400,0.0000
2005-08-26,45.9000,46.3000,44.5800,44.8700,17.9695,1065100,0.0000
2005-08-19,48.0000,48.1000,44.0100,45.3200,18.1497,2035100,0.0000
2005-08-12,44.6000,47.2000,44.5200,47.0300,18.8345,1435900,0.0000
2005-08-05,43.8000,44.6500,43.0000,43.5000,17.4208,1762400,0.0000
2005-07-29,41.9000,43.5000,41.5000,43.4100,17.3848,1684600,0.0000
2005-07-22,38.4700,41.8000,38.2500,41.6700,16.6880,3250431,0.0000
2005-07-15,39.2600,39.6000,38.3000,38.4700,15.4064,1537300,0.0000
2005-07-08,39.5100,40.0900,38.8200,39.2700,15.7268,816200,0.0000
2005-07-01,37.8900,39.5000,37.8900,39.4500,15.7989,1164400,0.0000
2005-06-24,37.8200,37.8900,37.0400,37.4500,14.9979,951800,0.0000
2005-06-17,37.5700,37.8800,36.6000,37.8500,15.1581,795500,0.0000
2005-06-10,35.8900,37.8000,35.8200,37.5700,15.0460,1358900,0.0000
2005-06-03,37.5000,40.0300,35.2500,35.5500,14.2370,1823500,0.9684
2005-05-27,38.3600,38.7000,36.6900,37.4000,14.6241,1240200,0.0000
2005-05-20,38.5200,38.7800,37.9100,38.6000,15.0934,1277800,0.0000
2005-05-13,39.7500,40.2500,38.5000,38.7500,15.1520,812300,0.0000
2005-05-06,39.0500,40.0900,38.7300,39.7400,15.5391,761800,0.0000
2005-04-29,39.8000,40.2500,38.6000,39.1900,15.3241,1060200,0.0000
2005-04-22,38.5000,39.8300,38.1200,39.7000,15.5235,1214300,0.0000
2005-04-15,40.3800,40.5000,38.8700,39.0000,15.2498,1821300,0.0000
2005-04-08,40.5000,40.7800,39.8900,40.4500,15.8167,1621300,0.0000
2005-04-01,40.7900,41.6400,39.5600,41.0800,16.0631,1647600,0.0000
2005-03-24,43.0000,43.0100,39.4900,40.7900,15.9497,1393200,0.0000
2005-03-18,43.3500,43.7500,41.6500,43.6700,17.0758,1554400,0.0000
2005-03-11,43.5000,43.9500,42.8300,43.3100,16.9351,1414400,0.0000
2005-03-04,45.8000,45.8400,42.7000,43.4500,16.9898,3407600,0.0000
2005-02-25,42.3100,45.2000,41.8000,44.8000,17.5177,1125400,0.0000
2005-02-18,41.3500,42.3600,41.0600,42.1100,16.4658,650800,0.0000
2005-02-11,40.4900,41.6600,40.2100,41.4600,16.2117,749300,0.0000
2005-02-04,39.8500,40.2000,39.5000,40.1400,15.6955,793300,0.0000
2005-01-28,38.6000,40.7700,38.6000,39.5000,15.4453,1094000,0.0000
2005-01-21,38.5000,39.0600,37.9000,38.2600,14.9604,1046100,0.0000
2005-01-14,39.0500,39.4000,38.6100,38.9900,15.2459,805700,0.0000
2005-01-07,41.2000,41.2800,38.6200,38.7700,15.1598,896100,0.0000
2004-12-31,40.9500,41.5100,40.6000,40.9900,16.0279,571600,0.0000
2004-12-23,40.4500,41.1800,40.3000,41.1000,16.0709,454700,0.0000
2004-12-17,39.6500,41.0300,39.6100,40.6300,15.8871,757500,0.0000
2004-12-10,41.0000,41.2400,39.2300,39.5900,15.4805,620100,0.0000
2004-12-03,42.5100,42.8000,40.6600,41.0800,16.0631,1035400,0.0000
2004-11-26,40.3000,42.4300,40.2600,42.2000,16.5010,800200,0.0000
2004-11-19,42.2500,42.3000,40.4500,40.5600,15.8598,913500,0.0000
2004-11-12,40.0000,42.1900,39.7700,41.8000,16.3446,782600,0.0000
2004-11-05,38.3700,40.5200,38.3700,40.1700,15.7073,814900,0.0000
2004-10-29,38.8500,39.0300,37.6200,38.3700,15.0034,1304400,0.0000
2004-10-22,40.1500,40.6500,39.0100,39.9600,15.6251,760100,0.0000
2004-10-15,42.1100,42.2500,39.1900,40.0200,15.6486,1195000,0.0000
2004-10-08,42.0000,42.3500,41.0100,41.9500,16.4033,983100,0.0000
2004-10-01,39.5200,41.6900,39.5200,41.6800,16.2977,852200,0.0000
2004-09-24,40.7300,40.9000,39.5000,39.7700,15.5508,868400,0.0000
2004-09-17,38.0000,40.1500,37.9500,40.0700,15.6682,1119200,0.4829
2004-09-10,39.0000,39.5000,37.7000,37.8000,14.6013,754400,0.0000
2004-09-03,39.0000,39.8600,38.5000,39.1000,15.1034,672800,0.0000
2004-08-27,37.3000,38.6900,36.5500,38.4100,14.8369,724100,0.0000
2004-08-20,35.8500,37.0300,35.1500,36.7600,14.1995,850300,0.0000
2004-08-13,38.9000,38.9700,35.8100,35.9600,13.8905,835100,0.0000
2004-08-06,39.2500,39.6900,38.5500,38.6400,14.9257,866000,0.0000
2004-07-30,38.8800,39.7600,37.9000,39.6100,15.3004,783600,0.0000
2004-07-23,38.9000,40.5300,38.6900,38.8200,14.9953,1164600,0.0000
2004-07-16,36.5700,38.0700,35.8500,38.0700,14.7056,789900,0.0000
2004-07-09,37.7000,38.1900,37.3000,37.7100,14.5665,568800,0.0000
2004-07-02,36.8600,37.0000,36.0000,36.9400,14.2691,741600,0.0000
2004-06-25,33.7700,36.5000,33.2000,35.9600,13.8905,1493200,0.0000
2004-06-18,37.5200,37.6300,34.3400,34.8000,13.4424,1546200,0.0000
2004-06-10,37.9500,38.5000,37.2100,38.1600,14.7403,754600,0.0000
2004-06-04,38.0800,38.5100,35.9000,36.3400,14.0373,814800,0.7249
2004-05-28,35.0500,37.8700,34.9500,37.7100,14.2924,1334600,0.0000
2004-05-21,31.4000,34.2500,31.3000,33.8700,12.8370,1797400,0.0000
2004-05-14,34.3000,35.5100,33.2000,34.9400,13.2425,1817500,0.0000
2004-05-07,35.0000,38.1300,34.4100,36.0600,13.6670,1656200,0.0000
2004-04-30,34.0600,35.1500,34.0600,34.4800,13.0682,1804600,0.0000
2004-04-23,37.3000,37.4200,34.4300,35.8400,13.5837,1564400,0.0000
2004-04-16,39.8500,40.2800,36.7500,37.4500,14.1939,904600,0.0000
2004-04-08,38.9000,39.8500,38.8000,39.7000,15.0466,732000,0.0000
2004-04-02,34.9000,39.2500,34.8800,38.8000,14.7055,1789800,0.0000
2004-03-26,36.7500,38.4000,36.0100,36.4400,13.8111,2021977,0.0000
2004-03-19,41.0000,41.1100,38.8200,39.0200,14.7889,1628000,0.0000
2004-03-12,43.1000,43.5000,39.1500,41.1600,15.6000,1455000,0.0000
2004-03-05,41.7500,42.8000,41.7100,42.8000,16.2215,945800,0.0000
2004-02-27,41.5000,42.2400,40.1400,41.5700,15.7554,1547100,0.0000
2004-02-20,43.5000,44.3000,40.5800,40.7400,15.4408,2070900,0.0000
2004-02-13,43.0500,43.4700,40.5900,41.4500,15.7099,2592400,0.0000
2004-02-06,39.6510,42.0000,38.1000,41.9400,15.8956,2811000,0.0000
2004-01-30,41.3000,42.2000,39.0400,39.6500,15.0277,2271100,0.0000
2004-01-23,43.1600,44.2600,42.2000,43.5000,16.4869,1924500,0.0000
2004-01-16,40.7000,41.3000,38.3000,38.9900,14.7775,4095800,0.0000
2004-01-09,49.8000,50.1100,41.6000,43.9000,16.6385,4943000,0.0000
2004-01-02,39.6000,50.4000,39.5800,49.9000,18.9125,2106800,0.0000
2003-12-26,39.2500,40.9500,37.8800,38.7500,14.6866,792500,0.0000
2003-12-19,35.0000,39.2500,34.9300,38.8600,14.7283,1633200,0.0000
2003-12-12,33.7000,38.4100,33.6600,37.6500,14.2697,1728100,0.0000
2003-12-05,32.7500,34.4500,32.4000,33.2500,12.6020,1217600,0.0000
2003-11-28,29.0000,31.1000,29.0000,30.9000,11.7114,551600,0.0000
2003-11-21,30.8000,31.2800,28.3000,28.4600,10.7866,911000,0.0000
2003-11-14,32.2500,32.3800,30.2500,31.4200,11.9084,1161900,0.0000
2003-11-07,34.2000,34.5700,32.4000,32.6500,12.3746,1194900,0.0000
2003-10-31,29.3100,33.1300,29.3100,32.7900,12.4277,1038400,0.0000
2003-10-24,31.4000,31.8200,28.9800,29.2200,11.0746,962400,0.0000
2003-10-17,30.4500,31.2100,29.5200,30.9000,11.7114,651400,0.0000
2003-10-10,28.8300,30.6800,28.4800,30.4500,11.5408,1017100,0.0000
2003-10-03,27.2500,28.9200,27.0800,28.7500,10.8965,845000,0.0000
2003-09-26,24.9800,27.5000,24.8100,27.2000,10.3090,1596000,0.0000
2003-09-19,28.7000,28.7000,24.4500,25.0300,9.4866,2135100,0.0000
2003-09-12,29.8000,30.1900,27.1300,28.2000,10.6880,1393500,0.3660
2003-09-05,29.2500,30.3500,28.8300,29.3200,10.9696,1136300,0.0000
2003-08-29,28.0000,30.5000,26.7000,30.3200,11.3438,3609246,0.0000
2003-08-22,29.8500,32.3600,29.8500,32.1200,12.0172,1514100,0.0000
2003-08-15,28.7000,29.7000,28.7000,29.3000,10.9622,774700,0.0000
2003-08-08,29.2500,29.3000,27.5500,27.8500,10.4197,977700,0.0000
2003-08-01,25.7000,28.0000,25.6400,27.8600,10.4234,802000,0.0000
2003-07-25,27.0500,27.0500,25.0300,25.5300,9.5517,1058200,0.0000
2003-07-18,26.1000,27.1000,25.6100,27.0000,10.1017,1120500,0.0000
2003-07-11,24.5000,26.4000,24.4200,25.7300,9.6265,2290200,0.0000
2003-07-03,24.0500,24.4000,23.5000,23.8500,8.9231,552600,0.0000
2003-06-27,24.3500,24.7500,23.7000,23.7900,8.9007,1297600,0.0000
2003-06-20,24.2500,24.8800,22.8900,23.9300,8.9531,1053400,0.7231
2003-06-13,22.7000,24.5900,22.5700,24.2500,8.8051,1134500,0.0000
2003-06-06,21.8500,22.7200,21.8100,22.7200,8.2495,877900,0.0000
2003-05-30,20.9000,21.9800,20.7500,21.6500,7.8610,470400,0.0000
2003-05-23,19.2400,20.8500,19.0000,20.6500,7.4979,299400,0.0000
2003-05-16,18.8400,19.5900,18.7100,19.2400,6.9860,315100,0.0000
2003-05-09,19.8500,19.8500,18.6500,18.8400,6.8407,528700,0.0000
2003-05-02,19.0600,20.1400,18.8000,19.7100,7.1566,271700,0.0000
2003-04-25,19.4900,19.7500,18.8000,18.8200,6.8335,202200,0.0000
2003-04-17,18.8700,19.5800,18.8400,19.4900,7.0767,394800,0.0000
2003-04-11,18.9300,19.0000,18.1800,18.7200,6.7971,764900,0.0000
2003-04-04,19.6900,20.5000,18.8100,18.8700,6.8516,557700,0.0000
2003-03-28,17.8000,19.4200,17.6000,19.4200,7.0513,161600,0.0000
2003-03-21,18.5500,18.9900,16.9400,18.0000,6.5357,141800,0.0000
2003-03-14,18.1000,18.9500,17.9000,18.6000,6.7536,59900,0.0000
2003-03-07,18.8500,19.0000,17.8400,17.9000,6.4994,192500,0.0000
2003-02-28,18.6500,19.3500,18.6500,18.9100,6.8661,90300,0.0000
2003-02-21,18.0000,19.0000,17.7500,18.6500,6.7717,122800,0.0000
2003-02-14,18.7100,18.8200,17.5000,17.9000,6.4994,88700,0.0000
2003-02-07,18.3200,19.0400,18.2000,18.9600,6.8843,100900,0.0000
2003-01-31,17.9000,18.3800,17.8000,18.2300,6.6192,97700,0.0000
2003-01-24,18.1500,18.5600,17.8500,17.8500,6.4812,90300,0.0000
2003-01-17,19.1000,19.4800,18.0200,18.0200,6.5430,183200,0.0000
2003-01-10,18.0000,18.5000,17.7500,18.2500,6.6265,113900,0.0000
2003-01-03,16.8000,17.7500,16.5500,17.7500,6.4449,74400,0.0000
2002-12-27,17.0000,17.4000,16.8900,17.0400,6.1871,87900,0.0000
2002-12-20,17.1500,17.7500,17.0100,17.2000,6.2452,96400,0.0000
2002-12-13,16.3000,17.4000,16.0000,17.1500,6.2271,126100,0.0000
2002-12-06,15.5800,16.2800,15.5500,16.2500,5.9003,83200,0.0000
2002-11-29,15.6000,15.9000,14.9000,15.2500,5.5372,64700,0.0000
2002-11-22,15.7500,16.2200,15.2500,15.4300,5.6026,48700,0.0000
2002-11-15,15.6000,15.9900,15.2000,15.6200,5.6715,36700,0.0000
2002-11-08,15.9600,15.9600,15.1100,15.6000,5.6643,60900,0.0000
2002-11-01,15.5000,15.9800,14.7500,15.9500,5.7914,118400,0.0000
2002-10-25,15.2200,15.9900,15.1500,15.4000,5.5917,81500,0.0000
2002-10-18,15.0500,15.5000,14.8800,15.1300,5.4936,92500,0.0000
2002-10-11,15.1000,15.1800,14.4000,15.1800,5.5118,118200,0.0000
2002-10-04,15.6700,16.1500,15.1500,15.2500,5.5372,52800,0.0000
2002-09-27,15.1500,15.8700,14.9000,15.7000,5.7006,82000,0.0000
2002-09-20,15.4000,15.4000,14.5600,15.2900,5.5517,82100,0.0000
2002-09-13,15.6500,15.9900,15.3000,15.5000,5.6280,92800,0.2416
2002-09-06,15.5500,15.7000,15.2000,15.5500,5.5620,94500,0.0000
2002-08-30,16.1300,16.4000,15.0200,15.3900,5.5048,129400,0.0000
2002-08-23,15.7500,16.5000,15.7500,16.1500,5.7766,105400,0.0000
2002-08-16,15.0000,15.7000,14.7500,15.3500,5.4905,97700,0.0000
2002-08-09,15.0500,18.0000,14.7300,15.2000,5.4368,189900,0.0000
2002-08-02,14.8000,16.2500,14.7300,15.1500,5.4189,130800,0.0000
2002-07-26,15.1500,15.6000,14.3500,14.9000,5.3295,162000,0.0000
2002-07-19,18.0000,18.0000,15.3500,15.4000,5.5084,113700,0.9647
2002-07-12,18.0000,18.4000,17.6100,18.0500,6.0942,115000,0.0000
2002-07-05,17.8000,18.0800,17.2300,18.0500,6.0942,89300,0.0000
2002-06-28,17.5100,17.7800,17.0500,17.6000,5.9423,104000,0.0000
2002-06-21,17.3000,17.7600,17.0000,17.2000,5.8072,49100,0.0000
2002-06-14,17.5500,17.8800,17.3400,17.3500,5.8579,79200,0.0000
2002-06-07,16.6500,17.6500,16.6500,17.4500,5.8917,53400,0.0000
2002-05-31,16.0500,16.7800,15.8000,16.6000,5.6047,57500,0.0000
2002-05-24,16.1500,16.4900,16.1000,16.1500,5.4527,44700,0.0000
2002-05-17,15.9100,16.5500,15.9100,16.1300,5.4460,33800,0.0000
2002-05-10,16.1100,16.7500,15.7600,15.8500,5.3514,63200,0.0000
2002-05-03,16.9000,16.9000,15.7600,16.0500,5.4190,138500,0.0000
2002-04-26,17.7400,18.1000,16.8200,16.9000,5.7060,51000,0.0000
2002-04-19,17.7500,18.8400,17.6200,18.1000,6.1111,133700,0.0000
2002-04-12,17.3000,17.8500,16.9600,17.1100,5.7769,84000,0.0000
2002-04-05,16.3300,17.3000,16.1900,17.0700,5.7634,125200,0.0000
2002-03-28,16.3000,16.4500,15.8000,16.1900,5.4662,170600,0.0000
2002-03-22,16.6800,16.7000,16.0200,16.4000,5.5371,91900,0.0000
2002-03-15,16.3000,16.7400,16.1000,16.6300,5.6148,68100,0.0000
2002-03-08,15.5600,16.6500,15.5600,16.2400,5.4831,95200,0.0000
2002-03-01,15.3000,15.8500,15.3000,15.5000,5.2333,52800,0.0000
2002-02-22,15.6000,16.1000,15.3000,15.3600,5.1860,84200,0.0000
2002-02-15,14.6700,15.2000,14.6700,15.1800,5.1252,49500,0.0000
2002-02-08,14.7500,14.9500,14.3100,14.5700,4.9193,49200,0.0000
2002-02-01,14.3500,15.0000,14.1500,14.7500,4.9801,95900,0.0000
2002-01-25,13.9000,14.2800,13.5100,14.2500,4.8112,44600,0.0000
2002-01-18,13.5000,14.0000,13.3700,13.8100,4.6627,51700,0.0000
2002-01-11,14.5100,14.7000,13.5000,13.6000,4.5918,70100,0.0000
2002-01-04,13.6200,14.5100,13.3700,14.4500,4.8788,94100,0.0000
2001-12-28,13.4500,13.8500,13.3700,13.6700,4.6154,57600,0.0000
2001-12-21,13.4200,13.8500,12.7500,13.4000,4.5243,107900,0.0000
2001-12-14,13.9500,14.4800,13.2700,13.3500,4.5074,232800,0.0000
2001-12-07,14.8000,14.8000,14.0200,14.0200,4.7336,115600,0.0000
2001-11-30,14.9100,14.9100,14.1500,14.5200,4.9024,78900,0.0000
2001-11-23,14.3600,15.0000,14.2700,14.9000,5.0307,53400,0.0000
2001-11-16,15.3100,15.3500,14.2000,14.3600,4.8484,83600,0.0000
2001-11-09,15.1500,15.4500,14.7600,15.4000,5.1995,66600,0.0000
2001-11-02,14.7000,15.5500,14.6600,15.3900,5.1961,72300,0.0000
2001-10-26,13.6500,15.0500,13.6500,14.4800,4.8889,228900,0.0000
2001-10-19,14.0400,14.0400,13.3300,13.7500,4.6424,233300,0.0000
2001-10-12,14.2700,14.3500,14.0000,14.0000,4.7268,204000,0.0000
2001-10-05,14.1000,14.3600,13.9000,14.3600,4.8484,280500,0.0000
2001-09-28,14.5000,14.5000,13.5000,14.0000,4.7268,240576,0.0000
2001-09-21,13.1500,13.5000,12.5400,12.8000,4.3217,252438,0.0000
2001-09-10,14.0300,14.2200,14.0000,14.1500,4.7775,11300,0.0000
2001-09-07,14.0000,14.5500,13.9000,14.0600,4.7471,330900,0.0000
2001-08-31,15.4700,15.4700,14.5800,14.7000,4.9632,335000,0.0000
2001-08-24,16.3000,16.3000,15.1500,15.6200,5.2738,110477,0.0000
2001-08-17,16.0000,16.8700,15.8000,16.3000,5.5034,283800,0.0000
2001-08-10,16.1000,16.2400,15.3300,15.5300,5.2434,145000,0.0000
2001-08-03,17.4000,17.7000,16.5500,16.8200,5.6789,98700,0.0000
2001-07-27,16.8800,17.9700,16.5100,17.4000,5.8748,62400,0.0000
2001-07-20,18.2100,18.2600,16.6000,17.4000,5.8748,97000,0.0000
2001-07-13,19.0000,19.7000,18.5000,18.9100,6.3846,76000,0.0000
2001-07-06,19.8300,20.1100,18.8100,18.8600,6.3677,57900,0.0000
2001-06-29,20.6500,20.7700,19.0400,19.8500,6.7020,291200,0.0000
2001-06-22,18.1200,20.1000,17.7000,19.9700,6.7425,119500,0.0000
2001-06-15,19.6500,19.7400,18.2000,18.4000,6.2124,96400,0.0000
2001-06-08,21.0000,21.2500,19.1300,19.1800,6.4758,335900,0.0000
2001-06-01,19.7500,20.2500,18.5500,20.2500,6.8370,147000,0.0000
2001-05-25,19.2000,20.9100,19.0000,20.7200,6.9957,286300,0.0000
2001-05-18,18.1500,19.3900,18.0000,19.3900,6.5467,836600,0.0000
2001-05-11,16.9500,18.1500,16.9000,18.1500,6.1280,412000,0.0000
2001-05-04,18.2000,18.3000,16.8500,16.9500,5.7228,392300,0.9664
2001-04-27,16.9800,18.0900,16.9500,18.0500,5.7794,201000,0.0000
2001-04-20,14.6000,16.7300,14.4600,16.6000,5.3151,372900,0.0000
2001-04-12,14.8900,14.9000,14.3300,14.6000,4.6747,252700,0.0000
2001-04-06,15.8000,15.8200,14.6500,14.8900,4.7676,417500,0.0000
2001-03-30,14.7000,15.6000,14.1500,15.5800,4.9885,236100,0.0000
2001-03-23,14.9200,15.0400,14.5500,14.7000,4.7068,323400,0.0000
2001-03-16,14.6000,14.9500,14.3800,14.4000,4.6107,345600,0.0000
2001-03-09,15.3000,16.1000,14.7500,15.0000,4.8028,233200,0.0000
2001-03-02,16.9300,16.9500,14.9600,15.0600,4.8220,545800,0.0000
2001-02-23,16.5500,16.6900,15.7000,16.5100,5.2863,265600,0.0000
2001-02-16,15.8000,15.9700,15.2000,15.4700,4.9533,414300,0.0000
2001-02-09,14.3000,15.0500,13.5700,15.0000,4.8028,573300,0.0000
2001-02-02,14.8700,15.0400,14.3000,14.3000,4.5787,136200,0.0000
2001-01-26,15.1900,15.2500,14.8100,14.8800,4.7644,188000,0.0000
2001-01-19,14.3800,15.1300,14.2500,14.9400,4.7836,438338,0.0000
2001-01-12,15.6300,15.8100,14.8100,14.8800,4.7644,305400,0.0000
2001-01-05,15.3100,16.0600,15.0000,15.6900,5.0237,505077,0.0000
2000-12-29,14.8100,15.5000,14.8100,15.2500,4.8829,450154,0.0000
2000-12-22,17.1900,17.1900,14.7500,14.9400,4.7836,412154,0.0000
2000-12-15,17.9400,18.1300,17.5000,17.6900,5.6641,487309,0.0000
2000-12-08,18.1900,18.6300,18.0600,18.1300,5.8050,557924,0.0000
2000-12-01,19.7500,19.8100,16.7500,17.7500,5.6833,368000,0.0000
2000-11-24,20.7500,20.7500,19.1300,19.8800,6.3653,335462,0.0000
2000-11-17,19.7500,21.2500,19.1300,20.8800,6.6855,1217001,0.0000
2000-11-10,21.3100,21.5600,19.8800,19.8800,6.3653,1282232,0.0000
2000-11-03,18.9400,20.5000,18.5000,20.3800,6.5254,1086922,0.0000
2000-10-27,19.6300,19.6300,17.5600,19.0000,6.0836,1725616,0.0000
