CustomerID,Customer.Lifetime.Value
17,2840.636933
19,7592.995735
29,9236.802548
34,9100.930544
37,3084.030582
44,17886.68922
48,5874.513005
49,4143.465184
54,17836.38126
65,4990.883617
77,5617.510574
80,3419.257042
94,12603.21765
95,4223.246578
107,4133.645606
113,3380.098206
115,2890.048405
131,18323.18028
144,2590.963789
148,28114.62954
157,25289.74003
158,2464.902283
191,9407.667143
196,11617.38315
198,6842.374305
203,7964.672322
224,2517.065388
232,16585.92337
235,3819.727389
245,5648.194866
250,4757.06481
253,5203.210022
258,4138.179271
261,8825.9432
262,4778.016514
263,4308.960152
275,4484.720516
279,4966.43056
285,6553.271372
286,11924.98873
290,19902.16615
304,6274.990642
305,5751.995966
310,2935.488222
312,6378.827229
313,10702.59131
317,5100.562336
318,13703.87429
324,11954.12755
334,10612.9688
337,11529.82968
358,4787.270023
359,9082.564426
382,13189.08502
395,3646.114672
396,6585.311297
400,4894.313494
406,5744.293705
409,6257.619818
410,5039.594043
421,9114.666132
436,5850.089023
438,4850.830644
439,2558.219998
451,17017.8554
452,2765.505852
479,5284.655398
481,5428.693721
487,2250.210199
507,2906.261966
509,5259.304367
512,5536.579969
521,8249.994314
528,21243.89727
530,6792.473146
532,7500.640417
546,9143.269198
549,2873.002397
550,5062.064804
551,27217.30154
571,29508.87553
574,2359.068328
575,5172.757545
588,14345.44693
595,13280.53365
602,5235.26983
616,9508.306106
619,5210.565405
624,3746.970608
627,5021.965436
635,10831.70061
649,9834.075328
663,8079.954097
666,2570.533548
673,12594.52993
686,6332.451748
719,2330.437686
724,6880.672093
728,11625.84849
735,4649.610826
741,3786.803671
744,8197.623878
754,9472.936699
774,21487.46899
780,8220.000241
802,5152.860309
828,2617.335592
833,6940.354605
836,6622.953223
837,2622.350977
842,4554.975469
843,5515.986665
850,9109.504173
852,3456.371635
858,12964.13508
865,11102.44254
874,7864.988051
876,5009.686181
878,12711.75726
880,5536.75404
889,3675.806894
890,2826.952697
895,2487.77315
904,2889.708448
907,12681.23216
908,5995.203362
913,8919.35855
923,6495.516751
925,12161.00405
940,7417.419591
950,2842.258388
958,4238.799351
965,2653.271915
966,3483.167041
974,8407.605824
977,17272.80644
978,6603.075182
981,5972.617736
1004,2914.848447
1006,4924.76211
1015,5076.215452
1016,9940.421523
1020,16093.20856
1021,2577.654239
1027,13614.12732
1040,4277.575463
1043,5429.378984
1058,21530.30484
1060,5552.522197
1068,2405.398299
1078,8691.270465
1090,11222.21085
1111,20085.91718
1116,5224.843633
1126,8286.744316
1145,22401.83256
1157,13515.01525
1159,4117.718938
1162,7724.264211
1169,5251.105628
1172,4262.996151
1184,2461.967904
1188,8638.399767
1191,8795.387246
1196,7866.99996
1210,7769.076447
1225,4369.756849
1231,42242.20084
1234,2687.05006
1235,14158.64452
1244,7565.398294
1245,9159.355125
1254,3319.125532
1258,2698.013352
1270,5531.226821
1276,16646.23222
1277,4939.808861
1279,2642.604856
1293,13561.32162
1298,5280.396015
1303,15620.61535
1313,14289.83612
1319,9579.601461
1322,7865.837627
1328,2570.675682
1334,2734.444926
1351,4683.814594
1363,2710.659312
1366,9606.897122
1370,5168.661381
1383,20211.71994
1391,11530.8204
1401,8225.240566
1404,9400.169279
1408,8339.847008
1412,6853.403875
1418,3217.803554
1419,7432.988377
1420,2996.468023
1431,8587.409228
1437,8687.174403
1450,4998.307591
1460,2670.764988
1464,7874.883012
1475,12418.12175
1476,2903.487405
1478,3798.244716
1485,5137.280521
1493,10070.85399
1494,3437.527366
1498,18132.3816
1500,8579.31281
1522,9474.269469
1524,4293.946313
1526,12240.20284
1532,6754.58931
1533,15274.44474
1542,5686.352771
1546,7376.047258
1549,11700.76917
1550,2445.040399
1561,7756.59064
1567,17630.09076
1570,4172.436519
1573,22879.05875
1584,8345.104665
1599,5227.69732
1605,11743.91968
1613,7126.543535
1618,2644.158549
1619,4652.941277
1638,26204.36099
1639,10940.87221
1655,5399.376593
1659,7857.848492
1660,9820.44359
1674,11493.63929
1677,13898.05977
1678,8595.481242
1683,5241.021641
1688,8754.529502
1692,7579.065076
1714,4467.457234
1716,2432.954244
1718,3846.80544
1719,8085.453989
1721,3556.739267
1735,6499.508408
1737,7503.061988
1741,10781.98364
1744,10020.18938
1749,18447.95048
1752,5614.774191
1759,30464.88465
1770,5051.659686
1771,8125.460215
1775,3161.451237
1777,5019.268733
1787,9005.175862
1789,5455.988255
1796,3432.11849
1804,5510.69756
1805,12003.18432
1808,3358.599913
1812,8855.265877
1818,7710.196655
1822,4991.730746
1828,3519.546681
1829,9021.713667
1848,4671.630239
1855,5027.720616
1859,6244.049629
1866,14684.91898
1871,2494.542005
1872,4901.448998
1878,2859.703211
1887,3538.204374
1891,5017.854703
1906,6043.308179
1909,2453.631689
1912,6116.743139
1915,5965.508011
1929,5363.980937
1934,6134.669604
1946,13059.08652
1953,11715.52758
1959,8965.185492
1962,4347.566307
1968,9449.653134
1976,2741.862016
1978,10771.01249
1979,5283.383656
1980,21051.74072
1981,5082.49206
1999,3570.865398
2006,14594.9367
2008,5365.157182
2018,13248.22751
2022,3393.627429
2027,5596.145433
2039,4404.185102
2041,5199.357038
2056,10783.028
2060,7735.661138
2062,2788.975078
2065,5167.12496
2066,11449.46818
2069,2622.91609
2070,5200.495603
2074,5034.332053
2079,14863.40586
2091,8389.261374
2093,17671.23849
2095,5735.317781
2097,4610.896883
2103,11617.58457
2112,5210.429828
2113,5366.392398
2114,8638.921791
2115,5566.233683
2117,7067.55489
2122,5134.34833
2129,7806.252783
2131,2292.791682
2151,14966.90742
2152,16444.77424
2153,24159.43168
2155,5535.286493
2160,5020.480288
2172,11964.2641
2177,5628.064545
2178,4980.897256
2183,13009.86171
2185,2472.083647
2188,29122.9636
2191,4993.957232
2195,11401.49389
2196,4781.077255
2197,5797.285899
2199,15052.94288
2202,12137.78836
2203,7643.426163
2209,5181.683833
2227,14542.89585
2235,8027.269942
2240,5166.686103
2259,2335.453577
2263,10980.58915
2281,5919.825804
2286,11075.97534
2288,5932.038612
2293,11174.5717
2299,38085.9161
2301,5818.879041
2312,2601.866555
2316,8525.462796
2358,12697.28888
2365,10366.92787
2366,6893.475536
2371,3971.172098
2374,19658.55396
2377,15014.63299
2389,2759.725272
2396,14157.58777
2401,7689.673258
2406,7443.108645
2410,2732.054639
2453,7230.027739
2479,8798.951134
2481,30958.47658
2482,3242.447436
2484,18157.33475
2503,10630.40852
2512,18766.71787
2515,13427.00324
2522,5534.673903
2523,3775.773574
2525,2751.735315
2534,5621.352011
2543,9810.141349
2547,4160.360465
2551,9690.31252
2552,10826.62011
2557,4123.905573
2561,12775.67351
2569,2464.618351
2571,3201.225118
2576,13929.18062
2589,11774.07578
2603,10879.17217
2608,2378.798789
2615,2635.358471
2622,18584.82515
2640,6353.231825
2670,4110.668926
2673,16295.90202
2674,2894.826178
2676,13421.71091
2688,6017.02574
2693,15068.34741
2706,13553.55462
2711,3229.906627
2713,5899.873111
2728,3805.275784
2733,8155.513809
2744,2996.872218
2751,4450.746969
2758,7936.075441
2766,5841.861949
2772,2458.065512
2803,7378.708711
2806,13561.54154
2813,13062.70517
2815,2309.038861
2819,5530.210878
2824,4056.119103
2825,12852.25081
2834,7696.76061
2836,5133.727154
2847,12065.40578
2849,4905.614051
2850,13435.92634
2852,5304.928595
2855,4509.985629
2856,18673.72939
2861,2581.265299
2878,2858.95321
2881,11456.65431
2882,17696.70572
2891,2901.071806
2908,8495.244974
2911,16237.29452
2916,4562.607986
2922,17450.86476
2926,7010.926919
2937,5089.587718
2957,4793.305241
2958,3234.957258
2965,13059.28094
2970,2884.441432
2972,8723.304852
2974,3551.570717
2980,7888.758044
2982,32414.12969
2983,5311.993816
3004,13519.15465
3008,12178.93639
3026,5034.579871
3028,32541.39618
3030,13714.97179
3041,12199.69258
3044,5666.924188
3045,3208.140454
3049,4760.88665
3085,3323.909271
3094,5629.545317
3095,2524.966965
3100,2668.971488
3108,2651.061026
3109,18584.43337
3113,9326.504764
3114,5102.130281
3130,13472.12443
3131,5577.15814
3136,10097.37338
3137,11715.23461
3145,19366.1827
3147,12582.10628
3152,12043.23811
3156,5060.55189
3164,2325.701951
3172,9209.465619
3175,4676.40184
3182,4473.035736
3185,5843.560423
3208,4130.555585
3213,4230.277384
3215,5570.35832
3216,2703.743611
3219,2872.128023
3221,4521.665527
3224,4536.736313
3227,5248.729406
3230,6205.068235
3253,7868.134215
3262,19561.40898
3266,5537.921479
3269,10107.22229
3270,4646.998624
3276,2854.184688
3286,20169.66562
3288,5105.388293
3291,6031.215494
3294,10237.72837
3300,4515.347934
3305,16215.73255
3317,5030.285551
3330,5741.805771
3333,11276.66924
3337,3655.273551
3350,10623.41101
3381,8848.759622
3382,4609.124684
3387,3521.366531
3394,9387.93352
3396,4135.368141
3411,2610.90956
3415,6557.731249
3417,5486.925184
3418,2467.236269
3421,8986.435107
3422,2331.401621
3425,2774.659052
3448,4850.079548
3457,2677.083272
3461,6777.284775
3463,3258.908282
3467,2290.41269
3471,2797.290617
3484,6451.919026
3491,8284.30159
3493,6224.597535
3494,11359.20861
3497,25273.50232
3501,5648.86254
3502,4222.384105
3509,5611.021899
3516,3890.610745
3526,11357.52676
3531,12031.03762
3534,7529.570641
3543,5589.498483
3544,17424.21632
3547,12933.85877
3558,2515.642003
3563,15042.55268
3565,2460.564863
3569,6392.105169
3570,5152.657438
3577,2989.990787
3583,5522.302499
3584,11704.70691
3585,9068.484677
3590,6757.078374
3595,9556.202003
3597,4402.926595
3620,9749.918004
3628,4983.227544
3638,11059.38784
3655,11304.45918
3663,5476.793011
3666,4678.120525
3673,5257.37315
3676,7396.856685
3690,4570.485417
3693,21366.24376
3697,16653.8729
3698,10158.66202
3703,5267.570963
3708,2734.745495
3709,5257.207041
3718,11803.38619
3722,7355.638381
3724,7454.959767
3725,17771.51491
3727,2441.35239
3741,5043.414894
3743,10480.45301
3746,2402.949305
3747,3588.023177
3749,5043.98197
3751,13621.72334
3752,8424.644387
3753,5178.093972
3764,2411.579281
3767,3102.969237
3789,5403.98349
3791,2526.03237
3794,4404.829765
3798,17271.35012
3802,5895.251045
3807,10103.77738
3819,12258.83886
3820,7153.934524
3824,5338.606747
3828,4719.774248
3835,2322.258354
3838,4400.065516
3839,18956.49211
3841,4413.792561
3842,4673.136657
3853,7473.501804
3857,7268.234254
3858,2854.792027
3860,10417.83591
3866,8013.064024
3873,7659.883521
3894,5640.379103
3895,3545.696455
3900,2636.249769
3904,4055.921257
3905,2726.881853
3909,13535.06027
3911,11598.36032
3917,2727.364831
3920,2514.262516
3934,5494.951095
3935,5099.71853
3938,2719.332615
3939,3696.247106
3942,2579.984113
3945,21229.89226
3947,10990.01425
3961,10579.29556
3965,2506.320412
3970,21140.24671
3972,6647.141484
3975,9801.789374
3990,5526.906844
4014,5065.005197
4015,8066.978116
4025,12846.05014
4038,3768.615964
4044,23244.28264
4047,2470.3886
4053,8042.800368
4056,13177.96591
4071,7569.783145
4072,5320.28209
4073,6009.489888
4074,8695.088417
4075,4507.475912
4077,2581.039613
4083,7767.178377
4086,5461.558411
4090,12293.9726
4104,5048.381038
4107,17164.23086
4108,2558.249769
4112,3079.069052
4114,2740.040205
4121,5784.640216
4124,5350.799819
4126,4794.893061
4131,8970.991807
4137,4285.215354
4144,5587.991521
4151,6266.037184
4159,4445.256445
4165,18559.70366
4169,5522.359422
4178,2525.97263
4198,5337.287351
4202,4439.870552
4205,3689.148474
4216,11093.49882
4223,8981.123962
4224,11383.09637
4264,2716.811339
4273,2621.41433
4281,8525.913517
4312,3643.68943
4313,4544.362421
4315,12435.62362
4331,3945.323401
4340,2942.292003
4344,4635.324056
4345,11430.06909
4346,5519.651571
4351,8800.198109
4358,4965.356281
4369,6296.85155
4376,2333.940969
4383,3253.767741
4390,8961.990018
4393,2939.797813
4394,5057.700669
4400,4888.190417
4401,4082.288741
4417,4594.62983
4422,6766.652662
4431,8734.917462
4439,4375.258979
4442,9777.805259
4443,9169.098928
4446,6388.708138
4451,2511.36876
4455,5485.652242
4462,2812.583574
4463,2706.991025
4465,10810.50345
4475,6092.007765
4481,5079.408357
4495,6456.345461
4503,2493.272033
4510,10523.25735
4515,9649.491606
4523,8918.775969
4539,22538.22574
4548,14316.15495
4551,11842.67029
4554,6816.660906
4565,18322.42413
4588,9999.528733
4591,33543.73601
4593,7752.526336
4609,2394.261639
4631,8067.027676
4656,14917.5044
4661,4129.04856
4677,4779.909634
4679,5716.226988
4681,3678.00486
4684,14265.23915
4686,4627.520237
4699,8010.924412
4705,10618.97743
4724,9822.024519
4725,11229.70877
4732,23356.44421
4747,2559.054761
4755,18855.80813
4761,13591.44026
4764,12946.63559
4768,4361.325623
4774,5097.56151
4782,5816.483709
4783,10554.61405
4787,3001.493194
4789,11167.75216
4792,3646.532824
4793,2632.534651
4804,5898.033548
4808,7890.176861
4809,5027.573008
4817,2473.327103
4818,4166.875022
4823,10586.07678
4824,10778.80947
4826,2580.895245
4828,5142.466117
4830,5149.917122
4849,31168.65663
4866,5905.988257
4870,20000.39966
4876,8428.718778
4879,8850.706698
4896,4911.015875
4902,13646.39381
4907,4829.699217
4928,9181.617625
4930,4431.115812
4954,5364.362094
4962,13830.26585
4969,4674.057316
4971,11015.59168
4992,6276.116557
4998,5079.639553
5001,25122.95475
5002,13400.0982
5004,10821.88278
5008,15279.26548
5017,5025.993262
5037,2617.839617
5051,4821.597874
5053,10483.63098
5058,5266.426048
5062,10773.18751
5080,13835.90534
5086,4678.000964
5095,22497.84526
5099,2554.175722
5108,2340.764489
5112,14483.78282
5128,4777.983812
5150,2754.428143
5152,10439.88712
5155,18831.13015
5156,4918.361144
5173,4824.145518
5186,2316.99441
5189,14140.50694
5202,5043.284433
5205,11294.62025
5210,3238.273727
5211,8604.565141
5220,5189.688574
5222,2744.356572
5225,5789.003179
5226,5025.645739
5231,12504.95047
5235,6440.219057
5239,5324.135723
5258,9550.495288
5264,8774.859959
5275,9601.016548
5277,7170.222763
5290,18653.14411
5300,16245.80863
5305,4853.28857
5308,7419.781523
5311,9199.807455
5313,2473.201637
5315,9031.458958
5318,10971.22612
5321,12534.94605
5324,5026.119391
5327,20518.75916
5337,12063.44538
5369,5177.856742
5391,12778.31992
5392,8334.78165
5393,12182.42797
5396,8677.839294
5401,6325.844789
5410,41080.21043
5414,7979.15349
5427,18215.75865
5428,3547.789472
5429,5420.660171
5439,5631.527752
5456,11568.37254
5457,5012.759189
5461,7418.505268
5462,10323.32037
5468,5473.043626
5469,15440.1242
5481,6624.836473
5482,8797.346637
5499,2661.926701
5501,4362.903234
5504,2764.076415
5511,6863.668221
5516,2552.101845
5520,4664.271287
5521,2521.041215
5532,8672.342108
5548,12893.6059
5552,4589.311388
5558,25834.50526
5559,2504.144497
5567,4983.968132
5579,4241.723506
5590,4648.98967
5592,7143.705863
5599,12761.71688
5600,5432.689943
5602,4915.69823
5603,5072.278403
5622,22302.67192
5623,3175.04224
5625,7780.61872
5627,5080.10921
5628,19580.57999
5629,4743.056537
5630,16948.1816
5636,2545.660521
5652,2863.637552
5665,2291.989252
5670,2923.267533
5672,12171.09915
5681,13835.90534
5700,8272.94852
5703,6025.919064
5707,2732.404319
5711,3549.640462
5715,14061.92855
5720,4792.085743
5721,2796.524034
5723,14045.05478
5733,7413.038888
5738,2746.70873
5747,22545.6939
5756,3947.76671
5759,7868.279021
5760,8664.71663
5765,6688.262682
5774,2554.049231
5780,15418.32784
5783,5020.817718
5798,2536.515261
5799,13340.44782
5806,7406.816399
5813,2599.442912
5826,5361.973384
5829,4689.701985
5837,4544.617753
5860,11691.36185
5862,12499.5112
5879,2771.454507
5886,11708.15616
5896,8294.127962
5904,14437.26453
5907,4844.058334
5909,2755.7686
5916,4298.77482
5923,3512.516949
5944,6383.838166
5953,6241.60814
5967,2567.528012
5980,12149.97997
5985,2329.644152
5993,5482.23539
6001,8662.05357
6002,12776.18308
6013,3740.584393
6026,10914.0036
6028,5856.921068
6031,5069.020846
6036,10670.4992
6041,6712.612434
6062,7260.52705
6065,4289.996446
6077,9123.08757
6086,14150.73903
6100,3264.631246
6102,14410.25217
6108,9087.717893
6115,4810.674034
6116,7778.009365
6117,5618.397795
6120,5244.890465
6128,5341.794073
6131,9590.634681
6153,2498.512168
6159,29742.11325
6161,5644.676745
6162,16247.25835
6163,6592.196984
6170,23097.95822
6173,2269.089189
6174,5465.196568
6175,2673.277644
6183,8739.228434
6190,4956.15193
6191,2454.214989
6194,5566.111605
6197,4166.100663
6201,4508.059608
6202,2675.318065
6205,10791.10021
6206,5046.22502
6208,8574.569292
6211,5108.633244
6214,2701.047833
6217,4589.882801
6218,2502.487711
6219,4145.967857
6232,10181.25126
6245,12592.55645
6254,8651.960825
6255,20408.65462
6261,10284.43506
6274,12151.95906
6275,5021.265191
6276,5742.65387
6285,16725.41682
6300,5091.226173
6312,13120.51454
6325,2745.271253
6327,2547.58114
6340,5228.59747
6342,3368.811543
6354,12117.53177
6356,5833.826543
6372,10305.73884
6377,16353.9311
6382,5655.796063
6393,8498.566335
6401,3205.850718
6408,4842.784639
6410,5060.195617
6411,5749.427183
6430,8620.862065
6444,17301.92427
6474,8738.115212
6483,5601.241728
6494,3496.989551
6516,2908.736052
6533,26376.28703
6534,4253.093975
6536,18598.67512
6540,4677.119694
6543,7317.745039
6549,2888.73242
6553,12911.95989
6575,4171.329658
6587,4968.341672
6595,6755.683784
6596,13877.29226
6598,10348.97208
6599,10148.02053
6600,8573.411932
6610,4789.554519
6623,2934.31995
6625,2767.749004
6630,18059.16175
6634,3053.604345
6639,17218.32926
6659,21046.72653
6671,8118.778837
6674,4981.611823
6677,4999.342945
6679,23196.66608
6681,8699.433332
6689,13257.15769
6694,19311.12148
6700,5483.405514
6702,15171.69572
6709,4223.661213
6712,3517.240596
6730,15169.62736
6732,20085.84314
6734,14195.63239
6737,16117.52633
6742,8081.804161
6762,13615.70177
6768,9054.682896
6769,2507.51324
6771,16382.61512
6776,2776.989758
6779,7293.300124
6797,2811.206924
6805,6940.354605
6806,5836.999875
6807,10593.55006
6817,12240.19719
6823,3367.727564
6824,8598.897264
6835,21622.35888
6836,6338.329171
6861,17355.01347
6866,2485.030694
6873,3979.83457
6884,5303.820524
6889,9324.713061
6892,4317.719559
6902,7877.310967
6904,4312.101359
6908,9455.738399
6933,3827.767234
6940,4443.896943
6945,15804.45973
6956,9307.450303
6972,5212.317468
6974,15152.3568
6979,10876.04898
6984,5673.282567
6987,2489.151596
6989,30834.98958
6996,21118.84212
7002,4597.389559
7003,4472.92181
7007,2591.991379
7008,5591.438803
7018,11138.16978
7024,6641.898682
7025,3118.547747
7031,14615.30163
7036,5490.672178
7041,9105.154896
7051,3134.236379
7058,10367.88572
7077,3867.746203
7080,17588.55945
7088,14784.00346
7098,18709.82257
7117,10675.72669
7127,9359.462414
7134,10093.71346
7136,18899.29075
7143,4956.942033
7149,3017.33303
7150,8313.629393
7153,3897.45479
7195,5246.917664
7196,2731.780137
7201,2440.494206
7215,5588.55139
7220,3189.139999
7229,14636.5698
7231,3745.394275
7247,2727.268615
7249,3802.605318
7256,4921.963702
7258,20181.35873
7263,13131.89563
7270,11345.01188
7284,5351.601528
7294,8588.269294
7296,18340.60466
7302,5690.893081
7307,7976.942473
7308,4324.053942
7310,4168.804473
7318,11088.58288
7323,2487.96551
7326,5323.371282
7332,4125.216885
7334,6812.091982
7335,10533.68228
7342,13673.92768
7356,4711.930515
7381,5158.080483
7383,5207.054003
7384,8140.445021
7400,4647.075525
7411,16179.06831
7414,6219.679276
7417,6980.843185
7424,14811.07685
7433,8641.360082
7435,19741.3544
7436,2529.98454
7439,7583.118411
7444,5282.734829
7445,10956.29268
7454,5136.895128
7458,5200.048739
7461,2849.924002
7469,8067.633191
7475,2547.463022
7479,6512.567982
7487,5560.681716
7496,4219.626259
7498,5816.748641
7501,5857.56344
7511,19262.13799
7516,2418.87508
7524,5857.703676
7527,3895.327114
7535,4678.738369
7537,2576.515699
7540,8270.408019
7544,2500.371902
7549,12717.36427
7557,13381.86881
7562,2686.815485
7570,13011.18109
7580,5360.202298
7582,3331.238289
7584,7170.856624
7602,8734.730998
7610,9770.28375
7612,2895.926997
7617,8932.952116
7619,2588.400156
7622,19431.95676
7628,2849.226744
7642,3798.363549
7645,5341.749082
7649,6429.560954
7651,7393.957144
7652,2283.310794
7656,3760.81151
7662,2579.343076
7663,8069.719202
7665,11980.67783
7677,5880.035493
7681,2406.895094
7686,4573.212649
7687,32271.68756
7692,5105.965132
7697,9036.963053
7717,5196.130672
7720,12190.53012
7723,15191.79994
7729,10207.64703
7752,8198.623726
7759,2436.961522
7760,2511.580438
7762,9429.037558
7763,2611.682119
7766,5860.977452
7792,13275.69152
7795,2473.348353
7800,15729.50787
7832,5340.944965
7843,2652.687751
7847,9680.495103
7851,10881.65121
7852,3062.372923
7855,9024.770888
7861,21251.06293
7863,8214.993789
7865,2563.682325
7870,11403.30813
7879,12183.15826
7885,8730.692718
7890,5544.646744
7892,8619.283542
7894,4060.922722
7896,10564.92725
7910,9367.057155
7916,2615.477491
7920,2843.313612
7926,14321.37335
7928,4982.332012
7949,2727.150388
7953,5303.530601
7954,7612.508796
7967,3107.703872
7970,7306.115574
7980,7077.202414
7983,24081.13748
8000,5242.539432
8008,14839.76801
8025,11185.61107
8035,8811.460844
8037,15284.01056
8039,16168.65078
8054,5266.544672
8060,3449.588964
8061,8385.743492
8065,3553.261605
8067,2436.738812
8069,2536.909062
8079,7154.777434
8093,13523.6041
8107,2536.881894
8114,4948.534021
8117,7749.888172
8123,11267.03438
8126,5890.53845
8133,13291.80285
8138,9236.843723
8141,11085.32348
8143,20790.82181
8150,4974.411705
8153,7461.149821
8160,16476.23585
8163,5360.480567
8176,3441.666143
8180,5213.661221
8183,3974.71426
8185,13259.89343
8187,10187.36909
8190,4794.118314
8192,3216.144636
8201,3556.509934
8202,11509.15447
8204,15987.33241
8214,3689.148474
8216,12205.14374
8222,4535.218247
8232,4777.522069
8239,4053.254109
8240,8933.144718
8243,2708.953794
8245,5316.330011
8251,5828.185783
8269,2552.168101
8273,2602.336229
8274,14408.71611
8277,14489.38129
8278,28891.95426
8286,6674.583747
8297,4832.468763
8298,7361.367693
8303,6442.266145
8308,6300.64095
8318,2859.919404
8321,5167.88399
8324,4994.024932
8332,9673.881462
8334,11030.6662
8339,12977.78971
8342,3249.249122
8344,8750.30354
8348,2507.530929
8356,3588.281336
8361,4606.692832
8374,3237.234183
8375,2309.833417
8383,27726.30578
8392,18559.70366
8394,14576.44854
8402,2473.734647
8405,3430.305269
8407,5328.809262
8422,4344.448667
8428,5885.490403
8429,4891.891675
8433,2463.711647
8434,3734.67602
8444,18980.89711
8446,2478.691902
8450,8715.200252
8451,3586.477557
8452,16545.98659
8456,9320.403836
8458,7997.942356
8465,6005.91935
8466,3074.235488
8470,13233.3962
8476,10835.3343
8477,10715.88353
8488,3169.042143
8489,12281.29333
8494,11519.80394
8503,2563.456147
8521,22509.28432
8524,7364.464216
8530,4339.040041
8541,4285.215354
8548,2870.850618
8556,5512.625328
8560,22448.56056
8573,2668.482828
8576,7502.13325
8580,11923.79674
8581,7590.741146
8595,6000.668269
8597,13970.03427
8610,9239.017616
8618,2483.316208
8619,7769.581595
8621,5521.335572
8626,6417.572226
8630,4927.129513
8648,5595.061942
8653,3145.749376
8665,3907.538908
8671,5701.88805
8695,7007.346052
8710,2555.844514
8729,2680.882592
8733,4815.06021
8734,11912.91759
8735,11087.62164
8737,19151.68064
8739,2902.035246
8757,5166.789855
8759,5668.60806
8763,5959.143562
8770,5167.394289
8779,14377.31253
8781,18947.35143
8785,2836.360051
8786,8361.07642
8801,4854.897899
8802,3200.529012
8810,4095.152366
8811,4324.145011
8812,18646.50117
8817,3902.952742
8819,2831.552298
8829,8658.169661
8831,4575.835949
8842,15302.43971
8843,6594.526433
8856,9327.305835
8858,5614.533418
8868,8903.237871
8883,2721.488385
8887,22246.37062
8890,22573.18686
8892,4355.194657
8893,13877.59423
8898,12650.63732
8906,4647.075525
8917,8935.000912
8922,10912.62946
8923,8011.634402
8926,6278.452655
8936,2729.142592
8954,10184.99611
8957,2547.890897
8961,2920.921556
8975,9147.63292
8989,18364.67193
9001,10863.98487
9009,17510.36556
9016,15751.48851
9032,17973.86321
9035,6881.157134
9047,11254.44723
9048,4685.577174
9058,23932.03149
9064,3302.87258
9071,2641.553072
9074,5131.002849
9080,9610.419306
9083,7639.643995
9092,17128.15252
9097,6476.95465
9108,3093.158292
9115,12253.8804
9122,2896.200371
9126,5116.750183
9141,3441.789087
9142,3738.881638
9147,7058.426226
9162,4622.733761
9184,5701.917955
9185,2554.688754
9193,25403.88913
9203,8897.111277
9213,4697.855279
9216,5258.821626
9225,2724.630483
9239,4140.8109
9247,3221.798952
9252,16875.29961
9275,21287.90274
9277,12261.66974
9284,9416.138465
9285,6190.49612
9287,14978.17254
9297,40094.80261
9305,5222.744905
9307,6154.529809
9308,3901.489248
9326,4482.673709
9331,4789.92339
9332,15126.38692
9336,18614.56649
9340,5228.435104
9374,23482.11917
9379,2434.314797
9381,5208.407619
9383,2745.901218
9386,11196.85949
9397,5287.362704
9413,13871.45822
9415,2808.766177
9429,6652.052033
9440,13562.19853
9442,7683.58531
9446,20275.45665
9451,5549.845753
9452,7556.347007
9461,2509.657922
9464,3449.287865
9472,5431.969888
9477,3678.022193
9479,7539.197703
9484,11217.90068
9489,16557.54777
9492,24087.03675
9499,12599.30925
9509,18025.63281
9511,11465.26907
9515,16863.05463
9527,7258.204043
9540,10827.96455
9542,8740.04253
9545,15208.29966
9554,13171.6952
9567,12458.07369
9573,4780.755274
9577,7961.457649
9578,4940.466277
9582,8430.986371
9585,2561.168756
9586,8562.658849
9604,11751.93288
9625,5028.264287
9651,5393.995462
9656,3504.907875
9664,14464.27929
9665,4670.912032
9666,8640.718611
9680,5184.756758
9683,4618.420627
9688,4950.588533
9691,6840.884954
9696,13289.73938
9701,7964.895294
9706,11776.48741
9709,3189.048707
9712,5179.147272
9714,6368.814581
9717,2960.433754
9731,10326.46869
9738,4347.958123
9748,2472.444257
9749,12483.64275
9751,2827.515315
9755,2857.270429
9758,3114.185641
9795,3480.548825
9806,3401.95578
9809,4245.085122
9815,4078.854034
9824,2485.140599
9827,24779.46204
9831,15070.5922
9833,2365.829731
9836,3816.643138
9862,5133.722997
9868,3329.378471
9869,8020.948629
9873,5841.885474
9875,3674.912905
9877,16466.24453
9887,2479.609602
9893,4758.207978
9896,20571.15818
9898,5277.459274
9902,3030.014091
9903,5363.044633
9904,16248.92925
9913,3282.155797
9919,5460.878098
9920,9106.066389
9926,2708.128332
9927,15777.83879
9928,2566.31275
9931,12673.64601
9943,6030.900086
9961,8653.386392
9965,4934.900083
9970,5198.837727
9981,2898.316881
9989,18953.73517
10019,18005.04029
10025,5613.339432
10035,2920.921556
10055,2332.54249
10056,3500.59273
10061,2873.538456
10067,2371.608847
10070,3340.601094
10074,7280.355478
10079,6222.220853
10080,14830.92256
10082,2503.855996
10083,8061.672888
10086,2541.860497
10090,2682.041111
10092,2914.093787
10094,12980.12229
10097,6946.145809
10101,5980.709662
10111,5395.371292
10118,5103.898401
10120,4773.696985
10132,24115.39487
10136,4916.405817
10138,14311.23709
10147,5404.047422
10159,10772.94594
10160,6640.855004
10161,2633.999588
10162,6278.452655
10173,11790.16615
10178,15556.77388
10179,8214.302426
10182,3140.956124
10183,3943.168859
10184,9490.079592
10187,10232.12815
10189,16936.9698
10197,7529.235354
10200,13221.74871
10201,13685.61596
10202,8235.329939
10207,9993.487832
10213,25525.01289
10216,5742.122363
10219,2510.458715
10221,2621.045611
10225,4173.653883
10226,15859.41659
10244,2901.009424
10251,22052.59495
10261,7855.511881
10264,9931.964817
10267,7534.127127
10269,4489.709702
10275,3369.559138
10297,5519.651571
10299,5146.543226
10302,8054.210536
10320,7786.218889
10334,5071.779968
10335,18241.3851
10338,15906.70637
10347,4681.024749
10350,3013.710195
10358,8112.88437
10359,2684.151551
10361,3408.51366
10364,5032.638021
10366,11770.23919
10376,2473.327103
10388,5330.83933
10403,30867.51212
10404,12750.85399
10405,14029.2229
10421,10952.21104
10422,10378.76407
10426,2614.370444
10428,9214.234116
10434,3093.318729
10441,10109.14577
10449,3328.074915
10462,11437.43942
10463,8955.299126
10466,13995.51569
10469,2500.025988
10472,5681.731211
10485,4756.697817
10493,6954.253494
10496,17886.68922
10504,5536.443179
10511,3629.63898
10520,2532.311104
10524,12584.63353
10535,8240.639487
10540,2507.450562
10541,13331.35951
10543,2906.388026
10545,3518.317247
10550,8929.808775
10556,4631.956101
10568,11110.17477
10577,2654.859443
10581,3385.464525
10583,10706.1612
10589,17402.83104
10608,6123.89254
10610,2485.271134
10611,3436.222565
10614,4395.449388
10623,2470.555245
10630,5070.13123
10636,6881.489591
10642,20214.10943
10645,4928.620645
10646,2408.473428
10650,2522.320512
10653,7493.294998
10656,2693.250596
10671,4567.389778
10676,2815.105175
10681,4652.035291
10692,5022.163152
10697,2473.327103
10702,5349.529077
10706,8943.250984
10710,2572.842403
10713,14485.29354
10717,3657.4923
10723,5016.967849
10725,18260.04336
10736,7372.624486
10737,3072.321754
10738,13534.41117
10758,12206.88964
10767,5486.131693
10769,5530.403142
10784,11604.634
10790,5563.050225
10799,7926.963552
10802,7173.984558
10804,12152.24704
10809,8618.389199
10824,5061.476375
10828,4690.758436
10830,15562.0002
10837,8442.604528
10838,9102.027491
10844,3762.597139
10850,8764.737506
10858,5374.555432
10861,3493.506237
10867,13494.8861
10875,12888.46843
10878,7204.858618
10879,16191.27128
10894,10940.87221
10895,10055.25443
10898,8515.275209
10906,8714.267889
10914,19654.61736
10916,13059.74637
10934,3841.580121
10943,17065.08272
10951,15819.48995
10953,3290.347872
10961,2599.185666
10970,31351.87716
10971,8128.867562
10975,2492.663927
10980,8772.890279
10982,6734.246112
10993,2604.598869
10995,16336.26524
11019,17065.08272
11022,3451.658742
11024,6022.369872
11027,4602.777309
11043,3377.230491
11053,2694.646372
11056,3986.674035
11068,4074.756321
11070,6652.656236
11078,4214.892954
11079,25600.23688
11088,4164.057941
11093,3939.185625
11102,9073.697934
11105,9541.82482
11109,19977.73498
11120,2513.541541
11150,5455.460123
11157,5360.202298
11173,14849.56792
11177,4478.166424
11185,3435.926879
11187,7409.759899
11191,2711.66097
11192,5471.42008
11193,5032.530547
11203,3450.741971
11204,13543.33725
11208,8529.261354
11223,13167.83151
11226,3952.239901
11228,5028.91062
11255,9116.874788
11257,8440.266739
11261,12534.17293
11268,8497.752278
11269,4117.718938
11276,2684.677952
11307,5251.432255
11320,3976.327359
11344,16018.51819
11347,4682.747936
11355,10708.38898
11364,4242.806073
11373,6686.06288
11394,4503.548991
11402,4251.364915
11408,4493.303271
11413,7516.426334
11428,9182.535155
11430,2521.897259
11445,14684.91898
11453,4435.728295
11456,5745.552749
11461,22925.50995
11463,7894.958184
11465,13416.63729
11466,9562.33394
11467,4814.182054
11476,8438.99244
11489,17422.48204
11502,4467.963972
11513,2547.512546
11523,2524.005175
11524,5531.425578
11532,6505.400176
11533,9115.835931
11538,2940.985752
11542,2368.711434
11543,4787.569378
11545,2596.068098
11546,6926.848962
11553,4323.764145
11557,2563.750266
11559,16854.4406
11570,6262.117954
11572,3326.692227
