OBS,mstatus,value
1,MALE_DIV,0
2,MALE_DIV,0
3,MALE_DIV,0
4,MALE_DIV,0
5,MALE_DIV,0
6,MALE_DIV,0
7,MALE_DIV,0
8,MALE_DIV,0
9,MALE_DIV,1
10,MALE_DIV,0
11,MALE_DIV,0
12,MALE_DIV,0
13,MALE_DIV,0
14,MALE_DIV,0
15,MALE_DIV,0
16,MALE_DIV,0
17,MALE_DIV,0
18,MALE_DIV,0
19,MALE_DIV,0
20,MALE_DIV,0
21,MALE_DIV,0
22,MALE_DIV,0
23,MALE_DIV,0
24,MALE_DIV,0
25,MALE_DIV,0
26,MALE_DIV,0
27,MALE_DIV,0
28,MALE_DIV,0
29,MALE_DIV,0
30,MALE_DIV,0
31,MALE_DIV,0
32,MALE_DIV,0
33,MALE_DIV,0
34,MALE_DIV,0
35,MALE_DIV,0
36,MALE_DIV,0
37,MALE_DIV,0
38,MALE_DIV,0
39,MALE_DIV,0
40,MALE_DIV,0
41,MALE_DIV,0
42,MALE_DIV,1
43,MALE_DIV,0
44,MALE_DIV,0
45,MALE_DIV,0
46,MALE_DIV,0
47,MALE_DIV,0
48,MALE_DIV,0
49,MALE_DIV,0
50,MALE_DIV,0
51,MALE_DIV,0
52,MALE_DIV,0
53,MALE_DIV,0
54,MALE_DIV,0
55,MALE_DIV,0
56,MALE_DIV,0
57,MALE_DIV,0
58,MALE_DIV,0
59,MALE_DIV,0
60,MALE_DIV,0
61,MALE_DIV,0
62,MALE_DIV,0
63,MALE_DIV,0
64,MALE_DIV,0
65,MALE_DIV,0
66,MALE_DIV,0
67,MALE_DIV,0
68,MALE_DIV,0
69,MALE_DIV,0
70,MALE_DIV,0
71,MALE_DIV,0
72,MALE_DIV,0
73,MALE_DIV,0
74,MALE_DIV,0
75,MALE_DIV,0
76,MALE_DIV,0
77,MALE_DIV,0
78,MALE_DIV,0
79,MALE_DIV,0
80,MALE_DIV,0
81,MALE_DIV,0
82,MALE_DIV,0
83,MALE_DIV,0
84,MALE_DIV,0
85,MALE_DIV,0
86,MALE_DIV,0
87,MALE_DIV,0
88,MALE_DIV,0
89,MALE_DIV,0
90,MALE_DIV,0
91,MALE_DIV,0
92,MALE_DIV,0
93,MALE_DIV,0
94,MALE_DIV,0
95,MALE_DIV,0
96,MALE_DIV,0
97,MALE_DIV,0
98,MALE_DIV,0
99,MALE_DIV,0
100,MALE_DIV,0
101,MALE_DIV,0
102,MALE_DIV,0
103,MALE_DIV,0
104,MALE_DIV,0
105,MALE_DIV,0
106,MALE_DIV,0
107,MALE_DIV,0
108,MALE_DIV,0
109,MALE_DIV,0
110,MALE_DIV,0
111,MALE_DIV,1
112,MALE_DIV,0
113,MALE_DIV,0
114,MALE_DIV,0
115,MALE_DIV,0
116,MALE_DIV,0
117,MALE_DIV,0
118,MALE_DIV,0
119,MALE_DIV,0
120,MALE_DIV,1
121,MALE_DIV,0
122,MALE_DIV,0
123,MALE_DIV,0
124,MALE_DIV,0
125,MALE_DIV,0
126,MALE_DIV,0
127,MALE_DIV,0
128,MALE_DIV,0
129,MALE_DIV,0
130,MALE_DIV,0
131,MALE_DIV,0
132,MALE_DIV,0
133,MALE_DIV,0
134,MALE_DIV,0
135,MALE_DIV,0
136,MALE_DIV,0
137,MALE_DIV,0
138,MALE_DIV,0
139,MALE_DIV,0
140,MALE_DIV,0
141,MALE_DIV,0
142,MALE_DIV,0
143,MALE_DIV,0
144,MALE_DIV,0
145,MALE_DIV,0
146,MALE_DIV,0
147,MALE_DIV,0
148,MALE_DIV,0
149,MALE_DIV,0
150,MALE_DIV,0
151,MALE_DIV,0
152,MALE_DIV,0
153,MALE_DIV,0
154,MALE_DIV,0
155,MALE_DIV,0
156,MALE_DIV,0
157,MALE_DIV,0
158,MALE_DIV,0
159,MALE_DIV,0
160,MALE_DIV,0
161,MALE_DIV,0
162,MALE_DIV,0
163,MALE_DIV,0
164,MALE_DIV,0
165,MALE_DIV,0
166,MALE_DIV,0
167,MALE_DIV,0
168,MALE_DIV,0
169,MALE_DIV,0
170,MALE_DIV,1
171,MALE_DIV,0
172,MALE_DIV,0
173,MALE_DIV,0
174,MALE_DIV,0
175,MALE_DIV,0
176,MALE_DIV,0
177,MALE_DIV,1
178,MALE_DIV,0
179,MALE_DIV,0
180,MALE_DIV,0
181,MALE_DIV,1
182,MALE_DIV,1
183,MALE_DIV,0
184,MALE_DIV,0
185,MALE_DIV,0
186,MALE_DIV,0
187,MALE_DIV,0
188,MALE_DIV,0
189,MALE_DIV,0
190,MALE_DIV,0
191,MALE_DIV,0
192,MALE_DIV,0
193,MALE_DIV,0
194,MALE_DIV,0
195,MALE_DIV,0
196,MALE_DIV,0
197,MALE_DIV,0
198,MALE_DIV,0
199,MALE_DIV,0
200,MALE_DIV,1
201,MALE_DIV,0
202,MALE_DIV,0
203,MALE_DIV,0
204,MALE_DIV,0
205,MALE_DIV,0
206,MALE_DIV,0
207,MALE_DIV,0
208,MALE_DIV,0
209,MALE_DIV,0
210,MALE_DIV,0
211,MALE_DIV,0
212,MALE_DIV,0
213,MALE_DIV,0
214,MALE_DIV,0
215,MALE_DIV,0
216,MALE_DIV,0
217,MALE_DIV,0
218,MALE_DIV,0
219,MALE_DIV,1
220,MALE_DIV,0
221,MALE_DIV,0
222,MALE_DIV,0
223,MALE_DIV,0
224,MALE_DIV,0
225,MALE_DIV,0
226,MALE_DIV,0
227,MALE_DIV,0
228,MALE_DIV,0
229,MALE_DIV,0
230,MALE_DIV,0
231,MALE_DIV,0
232,MALE_DIV,0
233,MALE_DIV,0
234,MALE_DIV,0
235,MALE_DIV,0
236,MALE_DIV,0
237,MALE_DIV,0
238,MALE_DIV,1
239,MALE_DIV,0
240,MALE_DIV,0
241,MALE_DIV,0
242,MALE_DIV,0
243,MALE_DIV,0
244,MALE_DIV,0
245,MALE_DIV,0
246,MALE_DIV,0
247,MALE_DIV,0
248,MALE_DIV,0
249,MALE_DIV,0
250,MALE_DIV,0
251,MALE_DIV,0
252,MALE_DIV,0
253,MALE_DIV,0
254,MALE_DIV,0
255,MALE_DIV,0
256,MALE_DIV,0
257,MALE_DIV,0
258,MALE_DIV,1
259,MALE_DIV,0
260,MALE_DIV,0
261,MALE_DIV,0
262,MALE_DIV,0
263,MALE_DIV,0
264,MALE_DIV,0
265,MALE_DIV,0
266,MALE_DIV,0
267,MALE_DIV,0
268,MALE_DIV,0
269,MALE_DIV,1
270,MALE_DIV,0
271,MALE_DIV,0
272,MALE_DIV,0
273,MALE_DIV,0
274,MALE_DIV,0
275,MALE_DIV,1
276,MALE_DIV,0
277,MALE_DIV,0
278,MALE_DIV,1
279,MALE_DIV,0
280,MALE_DIV,0
281,MALE_DIV,0
282,MALE_DIV,0
283,MALE_DIV,0
284,MALE_DIV,0
285,MALE_DIV,1
286,MALE_DIV,0
287,MALE_DIV,0
288,MALE_DIV,0
289,MALE_DIV,0
290,MALE_DIV,0
291,MALE_DIV,0
292,MALE_DIV,0
293,MALE_DIV,0
294,MALE_DIV,0
295,MALE_DIV,1
296,MALE_DIV,0
297,MALE_DIV,0
298,MALE_DIV,0
299,MALE_DIV,0
300,MALE_DIV,0
301,MALE_DIV,0
302,MALE_DIV,0
303,MALE_DIV,0
304,MALE_DIV,0
305,MALE_DIV,0
306,MALE_DIV,1
307,MALE_DIV,0
308,MALE_DIV,0
309,MALE_DIV,0
310,MALE_DIV,0
311,MALE_DIV,0
312,MALE_DIV,0
313,MALE_DIV,0
314,MALE_DIV,0
315,MALE_DIV,0
316,MALE_DIV,0
317,MALE_DIV,0
318,MALE_DIV,0
319,MALE_DIV,0
320,MALE_DIV,0
321,MALE_DIV,0
322,MALE_DIV,1
323,MALE_DIV,0
324,MALE_DIV,0
325,MALE_DIV,0
326,MALE_DIV,0
327,MALE_DIV,0
328,MALE_DIV,0
329,MALE_DIV,0
330,MALE_DIV,0
331,MALE_DIV,0
332,MALE_DIV,0
333,MALE_DIV,0
334,MALE_DIV,0
335,MALE_DIV,0
336,MALE_DIV,1
337,MALE_DIV,0
338,MALE_DIV,0
339,MALE_DIV,0
340,MALE_DIV,1
341,MALE_DIV,0
342,MALE_DIV,0
343,MALE_DIV,0
344,MALE_DIV,0
345,MALE_DIV,0
346,MALE_DIV,0
347,MALE_DIV,0
348,MALE_DIV,0
349,MALE_DIV,0
350,MALE_DIV,0
351,MALE_DIV,0
352,MALE_DIV,0
353,MALE_DIV,0
354,MALE_DIV,0
355,MALE_DIV,0
356,MALE_DIV,0
357,MALE_DIV,0
358,MALE_DIV,0
359,MALE_DIV,0
360,MALE_DIV,0
361,MALE_DIV,0
362,MALE_DIV,0
363,MALE_DIV,0
364,MALE_DIV,0
365,MALE_DIV,0
366,MALE_DIV,0
367,MALE_DIV,0
368,MALE_DIV,0
369,MALE_DIV,0
370,MALE_DIV,0
371,MALE_DIV,0
372,MALE_DIV,0
373,MALE_DIV,0
374,MALE_DIV,0
375,MALE_DIV,0
376,MALE_DIV,0
377,MALE_DIV,0
378,MALE_DIV,0
379,MALE_DIV,0
380,MALE_DIV,0
381,MALE_DIV,0
382,MALE_DIV,0
383,MALE_DIV,0
384,MALE_DIV,0
385,MALE_DIV,0
386,MALE_DIV,0
387,MALE_DIV,0
388,MALE_DIV,0
389,MALE_DIV,0
390,MALE_DIV,0
391,MALE_DIV,0
392,MALE_DIV,0
393,MALE_DIV,0
394,MALE_DIV,0
395,MALE_DIV,0
396,MALE_DIV,0
397,MALE_DIV,0
398,MALE_DIV,0
399,MALE_DIV,1
400,MALE_DIV,0
401,MALE_DIV,0
402,MALE_DIV,0
403,MALE_DIV,0
404,MALE_DIV,0
405,MALE_DIV,0
406,MALE_DIV,0
407,MALE_DIV,0
408,MALE_DIV,0
409,MALE_DIV,1
410,MALE_DIV,0
411,MALE_DIV,0
412,MALE_DIV,0
413,MALE_DIV,0
414,MALE_DIV,0
415,MALE_DIV,0
416,MALE_DIV,0
417,MALE_DIV,0
418,MALE_DIV,0
419,MALE_DIV,0
420,MALE_DIV,0
421,MALE_DIV,0
422,MALE_DIV,0
423,MALE_DIV,0
424,MALE_DIV,0
425,MALE_DIV,0
426,MALE_DIV,0
427,MALE_DIV,0
428,MALE_DIV,0
429,MALE_DIV,0
430,MALE_DIV,0
431,MALE_DIV,0
432,MALE_DIV,0
433,MALE_DIV,0
434,MALE_DIV,1
435,MALE_DIV,0
436,MALE_DIV,0
437,MALE_DIV,0
438,MALE_DIV,0
439,MALE_DIV,0
440,MALE_DIV,0
441,MALE_DIV,0
442,MALE_DIV,0
443,MALE_DIV,0
444,MALE_DIV,0
445,MALE_DIV,0
446,MALE_DIV,0
447,MALE_DIV,0
448,MALE_DIV,0
449,MALE_DIV,0
450,MALE_DIV,0
451,MALE_DIV,0
452,MALE_DIV,0
453,MALE_DIV,0
454,MALE_DIV,0
455,MALE_DIV,0
456,MALE_DIV,0
457,MALE_DIV,0
458,MALE_DIV,0
459,MALE_DIV,0
460,MALE_DIV,0
461,MALE_DIV,0
462,MALE_DIV,0
463,MALE_DIV,0
464,MALE_DIV,0
465,MALE_DIV,0
466,MALE_DIV,0
467,MALE_DIV,0
468,MALE_DIV,0
469,MALE_DIV,0
470,MALE_DIV,0
471,MALE_DIV,0
472,MALE_DIV,0
473,MALE_DIV,0
474,MALE_DIV,0
475,MALE_DIV,0
476,MALE_DIV,0
477,MALE_DIV,0
478,MALE_DIV,0
479,MALE_DIV,0
480,MALE_DIV,0
481,MALE_DIV,0
482,MALE_DIV,0
483,MALE_DIV,0
484,MALE_DIV,0
485,MALE_DIV,0
486,MALE_DIV,0
487,MALE_DIV,0
488,MALE_DIV,0
489,MALE_DIV,0
490,MALE_DIV,0
491,MALE_DIV,0
492,MALE_DIV,0
493,MALE_DIV,0
494,MALE_DIV,0
495,MALE_DIV,0
496,MALE_DIV,0
497,MALE_DIV,0
498,MALE_DIV,0
499,MALE_DIV,0
500,MALE_DIV,1
501,MALE_DIV,0
502,MALE_DIV,0
503,MALE_DIV,1
504,MALE_DIV,0
505,MALE_DIV,0
506,MALE_DIV,0
507,MALE_DIV,0
508,MALE_DIV,0
509,MALE_DIV,0
510,MALE_DIV,0
511,MALE_DIV,0
512,MALE_DIV,0
513,MALE_DIV,0
514,MALE_DIV,0
515,MALE_DIV,0
516,MALE_DIV,0
517,MALE_DIV,0
518,MALE_DIV,0
519,MALE_DIV,0
520,MALE_DIV,0
521,MALE_DIV,0
522,MALE_DIV,0
523,MALE_DIV,0
524,MALE_DIV,0
525,MALE_DIV,0
526,MALE_DIV,0
527,MALE_DIV,0
528,MALE_DIV,0
529,MALE_DIV,1
530,MALE_DIV,0
531,MALE_DIV,0
532,MALE_DIV,0
533,MALE_DIV,0
534,MALE_DIV,0
535,MALE_DIV,0
536,MALE_DIV,1
537,MALE_DIV,0
538,MALE_DIV,0
539,MALE_DIV,0
540,MALE_DIV,0
541,MALE_DIV,0
542,MALE_DIV,0
543,MALE_DIV,0
544,MALE_DIV,0
545,MALE_DIV,0
546,MALE_DIV,0
547,MALE_DIV,0
548,MALE_DIV,0
549,MALE_DIV,0
550,MALE_DIV,0
551,MALE_DIV,0
552,MALE_DIV,0
553,MALE_DIV,0
554,MALE_DIV,0
555,MALE_DIV,0
556,MALE_DIV,0
557,MALE_DIV,0
558,MALE_DIV,0
559,MALE_DIV,0
560,MALE_DIV,0
561,MALE_DIV,0
562,MALE_DIV,0
563,MALE_DIV,0
564,MALE_DIV,0
565,MALE_DIV,0
566,MALE_DIV,0
567,MALE_DIV,1
568,MALE_DIV,0
569,MALE_DIV,0
570,MALE_DIV,0
571,MALE_DIV,0
572,MALE_DIV,0
573,MALE_DIV,0
574,MALE_DIV,0
575,MALE_DIV,0
576,MALE_DIV,0
577,MALE_DIV,0
578,MALE_DIV,0
579,MALE_DIV,1
580,MALE_DIV,0
581,MALE_DIV,0
582,MALE_DIV,0
583,MALE_DIV,0
584,MALE_DIV,0
585,MALE_DIV,0
586,MALE_DIV,0
587,MALE_DIV,0
588,MALE_DIV,0
589,MALE_DIV,0
590,MALE_DIV,0
591,MALE_DIV,0
592,MALE_DIV,0
593,MALE_DIV,0
594,MALE_DIV,0
595,MALE_DIV,0
596,MALE_DIV,0
597,MALE_DIV,0
598,MALE_DIV,0
599,MALE_DIV,0
600,MALE_DIV,0
601,MALE_DIV,0
602,MALE_DIV,0
603,MALE_DIV,0
604,MALE_DIV,0
605,MALE_DIV,0
606,MALE_DIV,0
607,MALE_DIV,0
608,MALE_DIV,0
609,MALE_DIV,0
610,MALE_DIV,0
611,MALE_DIV,0
612,MALE_DIV,0
613,MALE_DIV,0
614,MALE_DIV,0
615,MALE_DIV,0
616,MALE_DIV,0
617,MALE_DIV,0
618,MALE_DIV,0
619,MALE_DIV,0
620,MALE_DIV,1
621,MALE_DIV,0
622,MALE_DIV,0
623,MALE_DIV,1
624,MALE_DIV,0
625,MALE_DIV,0
626,MALE_DIV,0
627,MALE_DIV,0
628,MALE_DIV,0
629,MALE_DIV,0
630,MALE_DIV,0
631,MALE_DIV,0
632,MALE_DIV,0
633,MALE_DIV,0
634,MALE_DIV,0
635,MALE_DIV,0
636,MALE_DIV,0
637,MALE_DIV,0
638,MALE_DIV,0
639,MALE_DIV,0
640,MALE_DIV,0
641,MALE_DIV,0
642,MALE_DIV,0
643,MALE_DIV,0
644,MALE_DIV,0
645,MALE_DIV,0
646,MALE_DIV,0
647,MALE_DIV,1
648,MALE_DIV,0
649,MALE_DIV,0
650,MALE_DIV,0
651,MALE_DIV,0
652,MALE_DIV,0
653,MALE_DIV,0
654,MALE_DIV,0
655,MALE_DIV,0
656,MALE_DIV,0
657,MALE_DIV,0
658,MALE_DIV,0
659,MALE_DIV,0
660,MALE_DIV,0
661,MALE_DIV,0
662,MALE_DIV,0
663,MALE_DIV,0
664,MALE_DIV,0
665,MALE_DIV,0
666,MALE_DIV,0
667,MALE_DIV,0
668,MALE_DIV,0
669,MALE_DIV,0
670,MALE_DIV,0
671,MALE_DIV,0
672,MALE_DIV,0
673,MALE_DIV,0
674,MALE_DIV,0
675,MALE_DIV,0
676,MALE_DIV,0
677,MALE_DIV,0
678,MALE_DIV,0
679,MALE_DIV,0
680,MALE_DIV,0
681,MALE_DIV,0
682,MALE_DIV,0
683,MALE_DIV,0
684,MALE_DIV,0
685,MALE_DIV,0
686,MALE_DIV,0
687,MALE_DIV,0
688,MALE_DIV,0
689,MALE_DIV,0
690,MALE_DIV,0
691,MALE_DIV,1
692,MALE_DIV,0
693,MALE_DIV,0
694,MALE_DIV,0
695,MALE_DIV,0
696,MALE_DIV,0
697,MALE_DIV,0
698,MALE_DIV,0
699,MALE_DIV,0
700,MALE_DIV,0
701,MALE_DIV,0
702,MALE_DIV,0
703,MALE_DIV,0
704,MALE_DIV,0
705,MALE_DIV,0
706,MALE_DIV,0
707,MALE_DIV,0
708,MALE_DIV,0
709,MALE_DIV,0
710,MALE_DIV,0
711,MALE_DIV,0
712,MALE_DIV,0
713,MALE_DIV,0
714,MALE_DIV,0
715,MALE_DIV,0
716,MALE_DIV,0
717,MALE_DIV,0
718,MALE_DIV,0
719,MALE_DIV,0
720,MALE_DIV,0
721,MALE_DIV,0
722,MALE_DIV,0
723,MALE_DIV,0
724,MALE_DIV,0
725,MALE_DIV,0
726,MALE_DIV,0
727,MALE_DIV,0
728,MALE_DIV,0
729,MALE_DIV,0
730,MALE_DIV,1
731,MALE_DIV,0
732,MALE_DIV,0
733,MALE_DIV,0
734,MALE_DIV,0
735,MALE_DIV,0
736,MALE_DIV,0
737,MALE_DIV,0
738,MALE_DIV,0
739,MALE_DIV,0
740,MALE_DIV,0
741,MALE_DIV,0
742,MALE_DIV,0
743,MALE_DIV,0
744,MALE_DIV,0
745,MALE_DIV,0
746,MALE_DIV,0
747,MALE_DIV,0
748,MALE_DIV,0
749,MALE_DIV,0
750,MALE_DIV,0
751,MALE_DIV,0
752,MALE_DIV,0
753,MALE_DIV,0
754,MALE_DIV,0
755,MALE_DIV,0
756,MALE_DIV,0
757,MALE_DIV,0
758,MALE_DIV,0
759,MALE_DIV,0
760,MALE_DIV,0
761,MALE_DIV,0
762,MALE_DIV,0
763,MALE_DIV,0
764,MALE_DIV,0
765,MALE_DIV,0
766,MALE_DIV,0
767,MALE_DIV,1
768,MALE_DIV,0
769,MALE_DIV,0
770,MALE_DIV,0
771,MALE_DIV,0
772,MALE_DIV,0
773,MALE_DIV,0
774,MALE_DIV,0
775,MALE_DIV,0
776,MALE_DIV,0
777,MALE_DIV,0
778,MALE_DIV,0
779,MALE_DIV,0
780,MALE_DIV,0
781,MALE_DIV,0
782,MALE_DIV,0
783,MALE_DIV,0
784,MALE_DIV,0
785,MALE_DIV,1
786,MALE_DIV,0
787,MALE_DIV,0
788,MALE_DIV,0
789,MALE_DIV,0
790,MALE_DIV,0
791,MALE_DIV,0
792,MALE_DIV,0
793,MALE_DIV,0
794,MALE_DIV,1
795,MALE_DIV,0
796,MALE_DIV,0
797,MALE_DIV,0
798,MALE_DIV,0
799,MALE_DIV,0
800,MALE_DIV,0
801,MALE_DIV,0
802,MALE_DIV,0
803,MALE_DIV,0
804,MALE_DIV,0
805,MALE_DIV,0
806,MALE_DIV,0
807,MALE_DIV,0
808,MALE_DIV,0
809,MALE_DIV,0
810,MALE_DIV,0
811,MALE_DIV,0
812,MALE_DIV,0
813,MALE_DIV,0
814,MALE_DIV,0
815,MALE_DIV,0
816,MALE_DIV,0
817,MALE_DIV,1
818,MALE_DIV,0
819,MALE_DIV,1
820,MALE_DIV,0
821,MALE_DIV,0
822,MALE_DIV,0
823,MALE_DIV,0
824,MALE_DIV,0
825,MALE_DIV,1
826,MALE_DIV,0
827,MALE_DIV,0
828,MALE_DIV,0
829,MALE_DIV,0
830,MALE_DIV,0
831,MALE_DIV,0
832,MALE_DIV,0
833,MALE_DIV,0
834,MALE_DIV,0
835,MALE_DIV,0
836,MALE_DIV,0
837,MALE_DIV,0
838,MALE_DIV,0
839,MALE_DIV,0
840,MALE_DIV,0
841,MALE_DIV,0
842,MALE_DIV,0
843,MALE_DIV,0
844,MALE_DIV,0
845,MALE_DIV,0
846,MALE_DIV,0
847,MALE_DIV,0
848,MALE_DIV,0
849,MALE_DIV,0
850,MALE_DIV,0
851,MALE_DIV,0
852,MALE_DIV,0
853,MALE_DIV,0
854,MALE_DIV,0
855,MALE_DIV,0
856,MALE_DIV,0
857,MALE_DIV,0
858,MALE_DIV,0
859,MALE_DIV,0
860,MALE_DIV,0
861,MALE_DIV,0
862,MALE_DIV,0
863,MALE_DIV,0
864,MALE_DIV,0
865,MALE_DIV,0
866,MALE_DIV,0
867,MALE_DIV,0
868,MALE_DIV,0
869,MALE_DIV,0
870,MALE_DIV,0
871,MALE_DIV,0
872,MALE_DIV,0
873,MALE_DIV,0
874,MALE_DIV,0
875,MALE_DIV,0
876,MALE_DIV,0
877,MALE_DIV,0
878,MALE_DIV,0
879,MALE_DIV,0
880,MALE_DIV,0
881,MALE_DIV,0
882,MALE_DIV,1
883,MALE_DIV,0
884,MALE_DIV,0
885,MALE_DIV,1
886,MALE_DIV,0
887,MALE_DIV,0
888,MALE_DIV,0
889,MALE_DIV,0
890,MALE_DIV,0
891,MALE_DIV,0
892,MALE_DIV,0
893,MALE_DIV,0
894,MALE_DIV,0
895,MALE_DIV,0
896,MALE_DIV,0
897,MALE_DIV,0
898,MALE_DIV,0
899,MALE_DIV,0
900,MALE_DIV,0
901,MALE_DIV,0
902,MALE_DIV,1
903,MALE_DIV,0
904,MALE_DIV,0
905,MALE_DIV,0
906,MALE_DIV,0
907,MALE_DIV,0
908,MALE_DIV,0
909,MALE_DIV,0
910,MALE_DIV,0
911,MALE_DIV,0
912,MALE_DIV,0
913,MALE_DIV,0
914,MALE_DIV,1
915,MALE_DIV,0
916,MALE_DIV,0
917,MALE_DIV,0
918,MALE_DIV,0
919,MALE_DIV,1
920,MALE_DIV,0
921,MALE_DIV,0
922,MALE_DIV,0
923,MALE_DIV,0
924,MALE_DIV,0
925,MALE_DIV,1
926,MALE_DIV,0
927,MALE_DIV,0
928,MALE_DIV,0
929,MALE_DIV,0
930,MALE_DIV,0
931,MALE_DIV,0
932,MALE_DIV,0
933,MALE_DIV,0
934,MALE_DIV,0
935,MALE_DIV,0
936,MALE_DIV,0
937,MALE_DIV,0
938,MALE_DIV,0
939,MALE_DIV,0
940,MALE_DIV,0
941,MALE_DIV,0
942,MALE_DIV,0
943,MALE_DIV,0
944,MALE_DIV,0
945,MALE_DIV,0
946,MALE_DIV,0
947,MALE_DIV,0
948,MALE_DIV,0
949,MALE_DIV,0
950,MALE_DIV,0
951,MALE_DIV,0
952,MALE_DIV,0
953,MALE_DIV,0
954,MALE_DIV,0
955,MALE_DIV,0
956,MALE_DIV,0
957,MALE_DIV,0
958,MALE_DIV,0
959,MALE_DIV,0
960,MALE_DIV,0
961,MALE_DIV,0
962,MALE_DIV,1
963,MALE_DIV,0
964,MALE_DIV,0
965,MALE_DIV,0
966,MALE_DIV,0
967,MALE_DIV,0
968,MALE_DIV,0
969,MALE_DIV,0
970,MALE_DIV,0
971,MALE_DIV,0
972,MALE_DIV,0
973,MALE_DIV,0
974,MALE_DIV,0
975,MALE_DIV,0
976,MALE_DIV,0
977,MALE_DIV,0
978,MALE_DIV,0
979,MALE_DIV,0
980,MALE_DIV,0
981,MALE_DIV,0
982,MALE_DIV,0
983,MALE_DIV,0
984,MALE_DIV,0
985,MALE_DIV,0
986,MALE_DIV,0
987,MALE_DIV,1
988,MALE_DIV,0
989,MALE_DIV,0
990,MALE_DIV,0
991,MALE_DIV,0
992,MALE_DIV,0
993,MALE_DIV,0
994,MALE_DIV,0
995,MALE_DIV,0
996,MALE_DIV,0
997,MALE_DIV,1
998,MALE_DIV,0
999,MALE_DIV,0
1000,MALE_DIV,0
1,MALE_SINGLE,1
2,MALE_SINGLE,0
3,MALE_SINGLE,1
4,MALE_SINGLE,1
5,MALE_SINGLE,1
6,MALE_SINGLE,1
7,MALE_SINGLE,1
8,MALE_SINGLE,1
9,MALE_SINGLE,0
10,MALE_SINGLE,0
11,MALE_SINGLE,0
12,MALE_SINGLE,0
13,MALE_SINGLE,0
14,MALE_SINGLE,1
15,MALE_SINGLE,0
16,MALE_SINGLE,0
17,MALE_SINGLE,1
18,MALE_SINGLE,1
19,MALE_SINGLE,0
20,MALE_SINGLE,1
21,MALE_SINGLE,1
22,MALE_SINGLE,1
23,MALE_SINGLE,1
24,MALE_SINGLE,1
25,MALE_SINGLE,0
26,MALE_SINGLE,1
27,MALE_SINGLE,0
28,MALE_SINGLE,0
29,MALE_SINGLE,1
30,MALE_SINGLE,1
31,MALE_SINGLE,0
32,MALE_SINGLE,1
33,MALE_SINGLE,1
34,MALE_SINGLE,1
35,MALE_SINGLE,0
36,MALE_SINGLE,1
37,MALE_SINGLE,1
38,MALE_SINGLE,1
39,MALE_SINGLE,1
40,MALE_SINGLE,1
41,MALE_SINGLE,1
42,MALE_SINGLE,0
43,MALE_SINGLE,1
44,MALE_SINGLE,0
45,MALE_SINGLE,0
46,MALE_SINGLE,0
47,MALE_SINGLE,1
48,MALE_SINGLE,0
49,MALE_SINGLE,1
50,MALE_SINGLE,0
51,MALE_SINGLE,1
52,MALE_SINGLE,1
53,MALE_SINGLE,1
54,MALE_SINGLE,1
55,MALE_SINGLE,1
56,MALE_SINGLE,1
57,MALE_SINGLE,1
58,MALE_SINGLE,0
59,MALE_SINGLE,0
60,MALE_SINGLE,0
61,MALE_SINGLE,0
62,MALE_SINGLE,1
63,MALE_SINGLE,1
64,MALE_SINGLE,1
65,MALE_SINGLE,0
66,MALE_SINGLE,1
67,MALE_SINGLE,0
68,MALE_SINGLE,0
69,MALE_SINGLE,1
70,MALE_SINGLE,0
71,MALE_SINGLE,0
72,MALE_SINGLE,1
73,MALE_SINGLE,1
74,MALE_SINGLE,0
75,MALE_SINGLE,1
76,MALE_SINGLE,1
77,MALE_SINGLE,1
78,MALE_SINGLE,1
79,MALE_SINGLE,1
80,MALE_SINGLE,0
81,MALE_SINGLE,0
82,MALE_SINGLE,1
83,MALE_SINGLE,0
84,MALE_SINGLE,0
85,MALE_SINGLE,1
86,MALE_SINGLE,0
87,MALE_SINGLE,0
88,MALE_SINGLE,1
89,MALE_SINGLE,1
90,MALE_SINGLE,1
91,MALE_SINGLE,1
92,MALE_SINGLE,1
93,MALE_SINGLE,0
94,MALE_SINGLE,1
95,MALE_SINGLE,1
96,MALE_SINGLE,1
97,MALE_SINGLE,0
98,MALE_SINGLE,1
99,MALE_SINGLE,1
100,MALE_SINGLE,1
101,MALE_SINGLE,0
102,MALE_SINGLE,1
103,MALE_SINGLE,0
104,MALE_SINGLE,1
105,MALE_SINGLE,0
106,MALE_SINGLE,1
107,MALE_SINGLE,1
108,MALE_SINGLE,1
109,MALE_SINGLE,0
110,MALE_SINGLE,0
111,MALE_SINGLE,0
112,MALE_SINGLE,0
113,MALE_SINGLE,1
114,MALE_SINGLE,0
115,MALE_SINGLE,0
116,MALE_SINGLE,1
117,MALE_SINGLE,0
118,MALE_SINGLE,0
119,MALE_SINGLE,0
120,MALE_SINGLE,0
121,MALE_SINGLE,0
122,MALE_SINGLE,0
123,MALE_SINGLE,1
124,MALE_SINGLE,1
125,MALE_SINGLE,0
126,MALE_SINGLE,1
127,MALE_SINGLE,0
128,MALE_SINGLE,1
129,MALE_SINGLE,1
130,MALE_SINGLE,0
131,MALE_SINGLE,0
132,MALE_SINGLE,1
133,MALE_SINGLE,1
134,MALE_SINGLE,1
135,MALE_SINGLE,0
136,MALE_SINGLE,0
137,MALE_SINGLE,1
138,MALE_SINGLE,1
139,MALE_SINGLE,1
140,MALE_SINGLE,0
141,MALE_SINGLE,0
142,MALE_SINGLE,0
143,MALE_SINGLE,1
144,MALE_SINGLE,1
145,MALE_SINGLE,0
146,MALE_SINGLE,1
147,MALE_SINGLE,0
148,MALE_SINGLE,0
149,MALE_SINGLE,1
150,MALE_SINGLE,1
151,MALE_SINGLE,1
152,MALE_SINGLE,1
153,MALE_SINGLE,1
154,MALE_SINGLE,0
155,MALE_SINGLE,1
156,MALE_SINGLE,0
157,MALE_SINGLE,1
158,MALE_SINGLE,0
159,MALE_SINGLE,1
160,MALE_SINGLE,1
161,MALE_SINGLE,1
162,MALE_SINGLE,0
163,MALE_SINGLE,1
164,MALE_SINGLE,1
165,MALE_SINGLE,1
166,MALE_SINGLE,1
167,MALE_SINGLE,0
168,MALE_SINGLE,0
169,MALE_SINGLE,0
170,MALE_SINGLE,0
171,MALE_SINGLE,1
172,MALE_SINGLE,0
173,MALE_SINGLE,0
174,MALE_SINGLE,1
175,MALE_SINGLE,1
176,MALE_SINGLE,0
177,MALE_SINGLE,0
178,MALE_SINGLE,1
179,MALE_SINGLE,1
180,MALE_SINGLE,1
181,MALE_SINGLE,0
182,MALE_SINGLE,0
183,MALE_SINGLE,1
184,MALE_SINGLE,1
185,MALE_SINGLE,1
186,MALE_SINGLE,1
187,MALE_SINGLE,0
188,MALE_SINGLE,1
189,MALE_SINGLE,0
190,MALE_SINGLE,0
191,MALE_SINGLE,1
192,MALE_SINGLE,1
193,MALE_SINGLE,1
194,MALE_SINGLE,0
195,MALE_SINGLE,1
196,MALE_SINGLE,0
197,MALE_SINGLE,0
198,MALE_SINGLE,0
199,MALE_SINGLE,1
200,MALE_SINGLE,0
201,MALE_SINGLE,1
202,MALE_SINGLE,0
203,MALE_SINGLE,1
204,MALE_SINGLE,0
205,MALE_SINGLE,1
206,MALE_SINGLE,1
207,MALE_SINGLE,1
208,MALE_SINGLE,1
209,MALE_SINGLE,0
210,MALE_SINGLE,1
211,MALE_SINGLE,1
212,MALE_SINGLE,0
213,MALE_SINGLE,1
214,MALE_SINGLE,1
215,MALE_SINGLE,1
216,MALE_SINGLE,0
217,MALE_SINGLE,1
218,MALE_SINGLE,1
219,MALE_SINGLE,0
220,MALE_SINGLE,0
221,MALE_SINGLE,0
222,MALE_SINGLE,0
223,MALE_SINGLE,1
224,MALE_SINGLE,1
225,MALE_SINGLE,1
226,MALE_SINGLE,1
227,MALE_SINGLE,1
228,MALE_SINGLE,1
229,MALE_SINGLE,1
230,MALE_SINGLE,1
231,MALE_SINGLE,1
232,MALE_SINGLE,1
233,MALE_SINGLE,1
234,MALE_SINGLE,0
235,MALE_SINGLE,1
236,MALE_SINGLE,1
237,MALE_SINGLE,1
238,MALE_SINGLE,0
239,MALE_SINGLE,0
240,MALE_SINGLE,1
241,MALE_SINGLE,0
242,MALE_SINGLE,1
243,MALE_SINGLE,1
244,MALE_SINGLE,0
245,MALE_SINGLE,0
246,MALE_SINGLE,1
247,MALE_SINGLE,1
248,MALE_SINGLE,1
249,MALE_SINGLE,1
250,MALE_SINGLE,0
251,MALE_SINGLE,0
252,MALE_SINGLE,0
253,MALE_SINGLE,0
254,MALE_SINGLE,1
255,MALE_SINGLE,1
256,MALE_SINGLE,1
257,MALE_SINGLE,1
258,MALE_SINGLE,0
259,MALE_SINGLE,0
260,MALE_SINGLE,0
261,MALE_SINGLE,1
262,MALE_SINGLE,0
263,MALE_SINGLE,1
264,MALE_SINGLE,0
265,MALE_SINGLE,1
266,MALE_SINGLE,1
267,MALE_SINGLE,1
268,MALE_SINGLE,0
269,MALE_SINGLE,0
270,MALE_SINGLE,1
271,MALE_SINGLE,1
272,MALE_SINGLE,0
273,MALE_SINGLE,1
274,MALE_SINGLE,1
275,MALE_SINGLE,0
276,MALE_SINGLE,1
277,MALE_SINGLE,0
278,MALE_SINGLE,0
279,MALE_SINGLE,0
280,MALE_SINGLE,1
281,MALE_SINGLE,1
282,MALE_SINGLE,1
283,MALE_SINGLE,1
284,MALE_SINGLE,1
285,MALE_SINGLE,0
286,MALE_SINGLE,0
287,MALE_SINGLE,1
288,MALE_SINGLE,1
289,MALE_SINGLE,0
290,MALE_SINGLE,0
291,MALE_SINGLE,0
292,MALE_SINGLE,0
293,MALE_SINGLE,0
294,MALE_SINGLE,1
295,MALE_SINGLE,0
296,MALE_SINGLE,0
297,MALE_SINGLE,0
298,MALE_SINGLE,1
299,MALE_SINGLE,1
300,MALE_SINGLE,1
301,MALE_SINGLE,0
302,MALE_SINGLE,0
303,MALE_SINGLE,1
304,MALE_SINGLE,1
305,MALE_SINGLE,1
306,MALE_SINGLE,0
307,MALE_SINGLE,0
308,MALE_SINGLE,0
309,MALE_SINGLE,0
310,MALE_SINGLE,0
311,MALE_SINGLE,1
312,MALE_SINGLE,1
313,MALE_SINGLE,0
314,MALE_SINGLE,0
315,MALE_SINGLE,1
316,MALE_SINGLE,1
317,MALE_SINGLE,1
318,MALE_SINGLE,0
319,MALE_SINGLE,1
320,MALE_SINGLE,0
321,MALE_SINGLE,0
322,MALE_SINGLE,0
323,MALE_SINGLE,1
324,MALE_SINGLE,1
325,MALE_SINGLE,0
326,MALE_SINGLE,1
327,MALE_SINGLE,1
328,MALE_SINGLE,0
329,MALE_SINGLE,1
330,MALE_SINGLE,1
331,MALE_SINGLE,1
332,MALE_SINGLE,0
333,MALE_SINGLE,0
334,MALE_SINGLE,0
335,MALE_SINGLE,1
336,MALE_SINGLE,0
337,MALE_SINGLE,0
338,MALE_SINGLE,0
339,MALE_SINGLE,1
340,MALE_SINGLE,0
341,MALE_SINGLE,0
342,MALE_SINGLE,0
343,MALE_SINGLE,0
344,MALE_SINGLE,1
345,MALE_SINGLE,1
346,MALE_SINGLE,0
347,MALE_SINGLE,1
348,MALE_SINGLE,0
349,MALE_SINGLE,1
350,MALE_SINGLE,1
351,MALE_SINGLE,0
352,MALE_SINGLE,0
353,MALE_SINGLE,1
354,MALE_SINGLE,1
355,MALE_SINGLE,1
356,MALE_SINGLE,1
357,MALE_SINGLE,1
358,MALE_SINGLE,1
359,MALE_SINGLE,0
360,MALE_SINGLE,0
361,MALE_SINGLE,1
362,MALE_SINGLE,1
363,MALE_SINGLE,0
364,MALE_SINGLE,0
365,MALE_SINGLE,1
366,MALE_SINGLE,1
367,MALE_SINGLE,1
368,MALE_SINGLE,0
369,MALE_SINGLE,1
370,MALE_SINGLE,0
371,MALE_SINGLE,1
372,MALE_SINGLE,1
373,MALE_SINGLE,0
374,MALE_SINGLE,1
375,MALE_SINGLE,0
376,MALE_SINGLE,0
377,MALE_SINGLE,0
378,MALE_SINGLE,1
379,MALE_SINGLE,1
380,MALE_SINGLE,0
381,MALE_SINGLE,1
382,MALE_SINGLE,0
383,MALE_SINGLE,0
384,MALE_SINGLE,1
385,MALE_SINGLE,1
386,MALE_SINGLE,0
387,MALE_SINGLE,0
388,MALE_SINGLE,1
389,MALE_SINGLE,1
390,MALE_SINGLE,0
391,MALE_SINGLE,0
392,MALE_SINGLE,0
393,MALE_SINGLE,1
394,MALE_SINGLE,0
395,MALE_SINGLE,1
396,MALE_SINGLE,1
397,MALE_SINGLE,0
398,MALE_SINGLE,0
399,MALE_SINGLE,0
400,MALE_SINGLE,0
401,MALE_SINGLE,0
402,MALE_SINGLE,0
403,MALE_SINGLE,1
404,MALE_SINGLE,1
405,MALE_SINGLE,1
406,MALE_SINGLE,0
407,MALE_SINGLE,1
408,MALE_SINGLE,0
409,MALE_SINGLE,0
410,MALE_SINGLE,0
411,MALE_SINGLE,0
412,MALE_SINGLE,1
413,MALE_SINGLE,1
414,MALE_SINGLE,1
415,MALE_SINGLE,0
416,MALE_SINGLE,1
417,MALE_SINGLE,1
418,MALE_SINGLE,0
419,MALE_SINGLE,0
420,MALE_SINGLE,0
421,MALE_SINGLE,0
422,MALE_SINGLE,1
423,MALE_SINGLE,1
424,MALE_SINGLE,1
425,MALE_SINGLE,0
426,MALE_SINGLE,0
427,MALE_SINGLE,1
428,MALE_SINGLE,1
429,MALE_SINGLE,1
430,MALE_SINGLE,0
431,MALE_SINGLE,1
432,MALE_SINGLE,1
433,MALE_SINGLE,1
434,MALE_SINGLE,0
435,MALE_SINGLE,1
436,MALE_SINGLE,0
437,MALE_SINGLE,0
438,MALE_SINGLE,0
439,MALE_SINGLE,1
440,MALE_SINGLE,0
441,MALE_SINGLE,1
442,MALE_SINGLE,0
443,MALE_SINGLE,1
444,MALE_SINGLE,1
445,MALE_SINGLE,0
446,MALE_SINGLE,0
447,MALE_SINGLE,0
448,MALE_SINGLE,1
449,MALE_SINGLE,0
450,MALE_SINGLE,0
451,MALE_SINGLE,1
452,MALE_SINGLE,0
453,MALE_SINGLE,1
454,MALE_SINGLE,1
455,MALE_SINGLE,1
456,MALE_SINGLE,0
457,MALE_SINGLE,1
458,MALE_SINGLE,1
459,MALE_SINGLE,0
460,MALE_SINGLE,1
461,MALE_SINGLE,1
462,MALE_SINGLE,1
463,MALE_SINGLE,0
464,MALE_SINGLE,1
465,MALE_SINGLE,1
466,MALE_SINGLE,1
467,MALE_SINGLE,0
468,MALE_SINGLE,1
469,MALE_SINGLE,0
470,MALE_SINGLE,1
471,MALE_SINGLE,0
472,MALE_SINGLE,0
473,MALE_SINGLE,1
474,MALE_SINGLE,1
475,MALE_SINGLE,0
476,MALE_SINGLE,0
477,MALE_SINGLE,1
478,MALE_SINGLE,1
479,MALE_SINGLE,1
480,MALE_SINGLE,1
481,MALE_SINGLE,0
482,MALE_SINGLE,1
483,MALE_SINGLE,0
484,MALE_SINGLE,0
485,MALE_SINGLE,1
486,MALE_SINGLE,1
487,MALE_SINGLE,1
488,MALE_SINGLE,0
489,MALE_SINGLE,1
490,MALE_SINGLE,1
491,MALE_SINGLE,1
492,MALE_SINGLE,0
493,MALE_SINGLE,0
494,MALE_SINGLE,1
495,MALE_SINGLE,1
496,MALE_SINGLE,0
497,MALE_SINGLE,1
498,MALE_SINGLE,1
499,MALE_SINGLE,0
500,MALE_SINGLE,0
501,MALE_SINGLE,0
502,MALE_SINGLE,1
503,MALE_SINGLE,0
504,MALE_SINGLE,1
505,MALE_SINGLE,0
506,MALE_SINGLE,1
507,MALE_SINGLE,1
508,MALE_SINGLE,1
509,MALE_SINGLE,0
510,MALE_SINGLE,1
511,MALE_SINGLE,1
512,MALE_SINGLE,1
513,MALE_SINGLE,1
514,MALE_SINGLE,0
515,MALE_SINGLE,1
516,MALE_SINGLE,0
517,MALE_SINGLE,1
518,MALE_SINGLE,0
519,MALE_SINGLE,1
520,MALE_SINGLE,1
521,MALE_SINGLE,1
522,MALE_SINGLE,0
523,MALE_SINGLE,1
524,MALE_SINGLE,0
525,MALE_SINGLE,0
526,MALE_SINGLE,1
527,MALE_SINGLE,0
528,MALE_SINGLE,1
529,MALE_SINGLE,0
530,MALE_SINGLE,1
531,MALE_SINGLE,1
532,MALE_SINGLE,0
533,MALE_SINGLE,0
534,MALE_SINGLE,0
535,MALE_SINGLE,1
536,MALE_SINGLE,0
537,MALE_SINGLE,0
538,MALE_SINGLE,0
539,MALE_SINGLE,1
540,MALE_SINGLE,0
541,MALE_SINGLE,0
542,MALE_SINGLE,1
543,MALE_SINGLE,1
544,MALE_SINGLE,1
545,MALE_SINGLE,1
546,MALE_SINGLE,1
547,MALE_SINGLE,0
548,MALE_SINGLE,1
549,MALE_SINGLE,0
550,MALE_SINGLE,1
551,MALE_SINGLE,0
552,MALE_SINGLE,1
553,MALE_SINGLE,0
554,MALE_SINGLE,1
555,MALE_SINGLE,0
556,MALE_SINGLE,1
557,MALE_SINGLE,0
558,MALE_SINGLE,0
559,MALE_SINGLE,1
560,MALE_SINGLE,1
561,MALE_SINGLE,1
562,MALE_SINGLE,1
563,MALE_SINGLE,0
564,MALE_SINGLE,1
565,MALE_SINGLE,1
566,MALE_SINGLE,0
567,MALE_SINGLE,0
568,MALE_SINGLE,1
569,MALE_SINGLE,1
570,MALE_SINGLE,0
571,MALE_SINGLE,0
572,MALE_SINGLE,1
573,MALE_SINGLE,0
574,MALE_SINGLE,0
575,MALE_SINGLE,1
576,MALE_SINGLE,0
577,MALE_SINGLE,0
578,MALE_SINGLE,0
579,MALE_SINGLE,0
580,MALE_SINGLE,0
581,MALE_SINGLE,1
582,MALE_SINGLE,1
583,MALE_SINGLE,0
584,MALE_SINGLE,1
585,MALE_SINGLE,0
586,MALE_SINGLE,0
587,MALE_SINGLE,1
588,MALE_SINGLE,1
589,MALE_SINGLE,0
590,MALE_SINGLE,1
591,MALE_SINGLE,0
592,MALE_SINGLE,0
593,MALE_SINGLE,0
594,MALE_SINGLE,0
595,MALE_SINGLE,1
596,MALE_SINGLE,0
597,MALE_SINGLE,0
598,MALE_SINGLE,1
599,MALE_SINGLE,1
600,MALE_SINGLE,1
601,MALE_SINGLE,0
602,MALE_SINGLE,0
603,MALE_SINGLE,0
604,MALE_SINGLE,0
605,MALE_SINGLE,0
606,MALE_SINGLE,1
607,MALE_SINGLE,1
608,MALE_SINGLE,0
609,MALE_SINGLE,1
610,MALE_SINGLE,1
611,MALE_SINGLE,0
612,MALE_SINGLE,0
613,MALE_SINGLE,0
614,MALE_SINGLE,0
615,MALE_SINGLE,0
616,MALE_SINGLE,1
617,MALE_SINGLE,1
618,MALE_SINGLE,1
619,MALE_SINGLE,0
620,MALE_SINGLE,0
621,MALE_SINGLE,1
622,MALE_SINGLE,1
623,MALE_SINGLE,0
624,MALE_SINGLE,0
625,MALE_SINGLE,1
626,MALE_SINGLE,1
627,MALE_SINGLE,1
628,MALE_SINGLE,1
629,MALE_SINGLE,1
630,MALE_SINGLE,1
631,MALE_SINGLE,0
632,MALE_SINGLE,1
633,MALE_SINGLE,1
634,MALE_SINGLE,0
635,MALE_SINGLE,0
636,MALE_SINGLE,1
637,MALE_SINGLE,0
638,MALE_SINGLE,1
639,MALE_SINGLE,0
640,MALE_SINGLE,1
641,MALE_SINGLE,0
642,MALE_SINGLE,1
643,MALE_SINGLE,1
644,MALE_SINGLE,0
645,MALE_SINGLE,0
646,MALE_SINGLE,1
647,MALE_SINGLE,0
648,MALE_SINGLE,0
649,MALE_SINGLE,1
650,MALE_SINGLE,1
651,MALE_SINGLE,1
652,MALE_SINGLE,1
653,MALE_SINGLE,1
654,MALE_SINGLE,1
655,MALE_SINGLE,1
656,MALE_SINGLE,1
657,MALE_SINGLE,1
658,MALE_SINGLE,1
659,MALE_SINGLE,0
660,MALE_SINGLE,1
661,MALE_SINGLE,0
662,MALE_SINGLE,0
663,MALE_SINGLE,1
664,MALE_SINGLE,1
665,MALE_SINGLE,0
666,MALE_SINGLE,1
667,MALE_SINGLE,1
668,MALE_SINGLE,0
669,MALE_SINGLE,1
670,MALE_SINGLE,1
671,MALE_SINGLE,1
672,MALE_SINGLE,1
673,MALE_SINGLE,1
674,MALE_SINGLE,0
675,MALE_SINGLE,1
676,MALE_SINGLE,0
677,MALE_SINGLE,1
678,MALE_SINGLE,0
679,MALE_SINGLE,1
680,MALE_SINGLE,0
681,MALE_SINGLE,0
682,MALE_SINGLE,1
683,MALE_SINGLE,0
684,MALE_SINGLE,0
685,MALE_SINGLE,1
686,MALE_SINGLE,1
687,MALE_SINGLE,1
688,MALE_SINGLE,1
689,MALE_SINGLE,1
690,MALE_SINGLE,1
691,MALE_SINGLE,0
692,MALE_SINGLE,0
693,MALE_SINGLE,1
694,MALE_SINGLE,1
695,MALE_SINGLE,1
696,MALE_SINGLE,1
697,MALE_SINGLE,1
698,MALE_SINGLE,0
699,MALE_SINGLE,1
700,MALE_SINGLE,1
701,MALE_SINGLE,0
702,MALE_SINGLE,1
703,MALE_SINGLE,0
704,MALE_SINGLE,1
705,MALE_SINGLE,0
706,MALE_SINGLE,0
707,MALE_SINGLE,1
708,MALE_SINGLE,0
709,MALE_SINGLE,0
710,MALE_SINGLE,1
711,MALE_SINGLE,1
712,MALE_SINGLE,0
713,MALE_SINGLE,1
714,MALE_SINGLE,1
715,MALE_SINGLE,1
716,MALE_SINGLE,1
717,MALE_SINGLE,1
718,MALE_SINGLE,1
719,MALE_SINGLE,1
720,MALE_SINGLE,0
721,MALE_SINGLE,1
722,MALE_SINGLE,0
723,MALE_SINGLE,0
724,MALE_SINGLE,0
725,MALE_SINGLE,0
726,MALE_SINGLE,0
727,MALE_SINGLE,0
728,MALE_SINGLE,0
729,MALE_SINGLE,0
730,MALE_SINGLE,0
731,MALE_SINGLE,1
732,MALE_SINGLE,1
733,MALE_SINGLE,0
734,MALE_SINGLE,0
735,MALE_SINGLE,0
736,MALE_SINGLE,0
737,MALE_SINGLE,0
738,MALE_SINGLE,1
739,MALE_SINGLE,1
740,MALE_SINGLE,0
741,MALE_SINGLE,1
742,MALE_SINGLE,1
743,MALE_SINGLE,1
744,MALE_SINGLE,1
745,MALE_SINGLE,1
746,MALE_SINGLE,1
747,MALE_SINGLE,0
748,MALE_SINGLE,0
749,MALE_SINGLE,1
750,MALE_SINGLE,1
751,MALE_SINGLE,0
752,MALE_SINGLE,0
753,MALE_SINGLE,0
754,MALE_SINGLE,0
755,MALE_SINGLE,1
756,MALE_SINGLE,0
757,MALE_SINGLE,1
758,MALE_SINGLE,1
759,MALE_SINGLE,1
760,MALE_SINGLE,1
761,MALE_SINGLE,0
762,MALE_SINGLE,0
763,MALE_SINGLE,1
764,MALE_SINGLE,1
765,MALE_SINGLE,0
766,MALE_SINGLE,0
767,MALE_SINGLE,0
768,MALE_SINGLE,0
769,MALE_SINGLE,1
770,MALE_SINGLE,1
771,MALE_SINGLE,0
772,MALE_SINGLE,0
773,MALE_SINGLE,1
774,MALE_SINGLE,1
775,MALE_SINGLE,1
776,MALE_SINGLE,0
777,MALE_SINGLE,1
778,MALE_SINGLE,0
779,MALE_SINGLE,1
780,MALE_SINGLE,0
781,MALE_SINGLE,1
782,MALE_SINGLE,1
783,MALE_SINGLE,1
784,MALE_SINGLE,0
785,MALE_SINGLE,0
786,MALE_SINGLE,1
787,MALE_SINGLE,1
788,MALE_SINGLE,1
789,MALE_SINGLE,1
790,MALE_SINGLE,1
791,MALE_SINGLE,0
792,MALE_SINGLE,1
793,MALE_SINGLE,0
794,MALE_SINGLE,0
795,MALE_SINGLE,1
796,MALE_SINGLE,0
797,MALE_SINGLE,1
798,MALE_SINGLE,0
799,MALE_SINGLE,0
800,MALE_SINGLE,1
801,MALE_SINGLE,1
802,MALE_SINGLE,0
803,MALE_SINGLE,0
804,MALE_SINGLE,1
805,MALE_SINGLE,0
806,MALE_SINGLE,1
807,MALE_SINGLE,0
808,MALE_SINGLE,1
809,MALE_SINGLE,1
810,MALE_SINGLE,0
811,MALE_SINGLE,0
812,MALE_SINGLE,0
813,MALE_SINGLE,1
814,MALE_SINGLE,1
815,MALE_SINGLE,1
816,MALE_SINGLE,0
817,MALE_SINGLE,0
818,MALE_SINGLE,0
819,MALE_SINGLE,0
820,MALE_SINGLE,0
821,MALE_SINGLE,0
822,MALE_SINGLE,0
823,MALE_SINGLE,1
824,MALE_SINGLE,1
825,MALE_SINGLE,0
826,MALE_SINGLE,0
827,MALE_SINGLE,0
828,MALE_SINGLE,1
829,MALE_SINGLE,1
830,MALE_SINGLE,1
831,MALE_SINGLE,1
832,MALE_SINGLE,0
833,MALE_SINGLE,1
834,MALE_SINGLE,0
835,MALE_SINGLE,0
836,MALE_SINGLE,1
837,MALE_SINGLE,0
838,MALE_SINGLE,0
839,MALE_SINGLE,1
840,MALE_SINGLE,0
841,MALE_SINGLE,1
842,MALE_SINGLE,1
843,MALE_SINGLE,0
844,MALE_SINGLE,1
845,MALE_SINGLE,1
846,MALE_SINGLE,1
847,MALE_SINGLE,1
848,MALE_SINGLE,0
849,MALE_SINGLE,1
850,MALE_SINGLE,1
851,MALE_SINGLE,0
852,MALE_SINGLE,1
853,MALE_SINGLE,1
854,MALE_SINGLE,1
855,MALE_SINGLE,1
856,MALE_SINGLE,0
857,MALE_SINGLE,0
858,MALE_SINGLE,1
859,MALE_SINGLE,0
860,MALE_SINGLE,1
861,MALE_SINGLE,1
862,MALE_SINGLE,0
863,MALE_SINGLE,0
864,MALE_SINGLE,1
865,MALE_SINGLE,1
866,MALE_SINGLE,0
867,MALE_SINGLE,0
868,MALE_SINGLE,1
869,MALE_SINGLE,1
870,MALE_SINGLE,0
871,MALE_SINGLE,0
872,MALE_SINGLE,1
873,MALE_SINGLE,1
874,MALE_SINGLE,0
875,MALE_SINGLE,1
876,MALE_SINGLE,0
877,MALE_SINGLE,1
878,MALE_SINGLE,1
879,MALE_SINGLE,1
880,MALE_SINGLE,1
881,MALE_SINGLE,1
882,MALE_SINGLE,0
883,MALE_SINGLE,1
884,MALE_SINGLE,0
885,MALE_SINGLE,0
886,MALE_SINGLE,0
887,MALE_SINGLE,1
888,MALE_SINGLE,1
889,MALE_SINGLE,1
890,MALE_SINGLE,1
891,MALE_SINGLE,1
892,MALE_SINGLE,1
893,MALE_SINGLE,1
894,MALE_SINGLE,1
895,MALE_SINGLE,1
896,MALE_SINGLE,1
897,MALE_SINGLE,0
898,MALE_SINGLE,0
899,MALE_SINGLE,0
900,MALE_SINGLE,1
901,MALE_SINGLE,1
902,MALE_SINGLE,0
903,MALE_SINGLE,1
904,MALE_SINGLE,0
905,MALE_SINGLE,1
906,MALE_SINGLE,1
907,MALE_SINGLE,1
908,MALE_SINGLE,0
909,MALE_SINGLE,0
910,MALE_SINGLE,0
911,MALE_SINGLE,0
912,MALE_SINGLE,0
913,MALE_SINGLE,0
914,MALE_SINGLE,0
915,MALE_SINGLE,1
916,MALE_SINGLE,0
917,MALE_SINGLE,1
918,MALE_SINGLE,1
919,MALE_SINGLE,0
920,MALE_SINGLE,1
921,MALE_SINGLE,0
922,MALE_SINGLE,1
923,MALE_SINGLE,0
924,MALE_SINGLE,1
925,MALE_SINGLE,0
926,MALE_SINGLE,1
927,MALE_SINGLE,0
928,MALE_SINGLE,1
929,MALE_SINGLE,1
930,MALE_SINGLE,1
931,MALE_SINGLE,1
932,MALE_SINGLE,0
933,MALE_SINGLE,1
934,MALE_SINGLE,1
935,MALE_SINGLE,0
936,MALE_SINGLE,1
937,MALE_SINGLE,0
938,MALE_SINGLE,0
939,MALE_SINGLE,1
940,MALE_SINGLE,1
941,MALE_SINGLE,1
942,MALE_SINGLE,1
943,MALE_SINGLE,1
944,MALE_SINGLE,1
945,MALE_SINGLE,0
946,MALE_SINGLE,0
947,MALE_SINGLE,1
948,MALE_SINGLE,1
949,MALE_SINGLE,0
950,MALE_SINGLE,1
951,MALE_SINGLE,0
952,MALE_SINGLE,1
953,MALE_SINGLE,0
954,MALE_SINGLE,0
955,MALE_SINGLE,0
956,MALE_SINGLE,0
957,MALE_SINGLE,1
958,MALE_SINGLE,1
959,MALE_SINGLE,1
960,MALE_SINGLE,1
961,MALE_SINGLE,0
962,MALE_SINGLE,0
963,MALE_SINGLE,1
964,MALE_SINGLE,1
965,MALE_SINGLE,0
966,MALE_SINGLE,0
967,MALE_SINGLE,1
968,MALE_SINGLE,0
969,MALE_SINGLE,0
970,MALE_SINGLE,1
971,MALE_SINGLE,1
972,MALE_SINGLE,1
973,MALE_SINGLE,0
974,MALE_SINGLE,1
975,MALE_SINGLE,0
976,MALE_SINGLE,0
977,MALE_SINGLE,0
978,MALE_SINGLE,1
979,MALE_SINGLE,1
980,MALE_SINGLE,0
981,MALE_SINGLE,1
982,MALE_SINGLE,1
983,MALE_SINGLE,0
984,MALE_SINGLE,1
985,MALE_SINGLE,1
986,MALE_SINGLE,0
987,MALE_SINGLE,0
988,MALE_SINGLE,0
989,MALE_SINGLE,1
990,MALE_SINGLE,1
991,MALE_SINGLE,1
992,MALE_SINGLE,1
993,MALE_SINGLE,0
994,MALE_SINGLE,1
995,MALE_SINGLE,1
996,MALE_SINGLE,0
997,MALE_SINGLE,0
998,MALE_SINGLE,1
999,MALE_SINGLE,1
1000,MALE_SINGLE,1
1,MALE_MAR_or_WID,0
2,MALE_MAR_or_WID,0
3,MALE_MAR_or_WID,0
4,MALE_MAR_or_WID,0
5,MALE_MAR_or_WID,0
6,MALE_MAR_or_WID,0
7,MALE_MAR_or_WID,0
8,MALE_MAR_or_WID,0
9,MALE_MAR_or_WID,0
10,MALE_MAR_or_WID,1
11,MALE_MAR_or_WID,0
12,MALE_MAR_or_WID,0
13,MALE_MAR_or_WID,0
14,MALE_MAR_or_WID,0
15,MALE_MAR_or_WID,0
16,MALE_MAR_or_WID,0
17,MALE_MAR_or_WID,0
18,MALE_MAR_or_WID,0
19,MALE_MAR_or_WID,0
20,MALE_MAR_or_WID,0
21,MALE_MAR_or_WID,0
22,MALE_MAR_or_WID,0
23,MALE_MAR_or_WID,0
24,MALE_MAR_or_WID,0
25,MALE_MAR_or_WID,1
26,MALE_MAR_or_WID,0
27,MALE_MAR_or_WID,1
28,MALE_MAR_or_WID,0
29,MALE_MAR_or_WID,0
30,MALE_MAR_or_WID,0
31,MALE_MAR_or_WID,1
32,MALE_MAR_or_WID,0
33,MALE_MAR_or_WID,0
34,MALE_MAR_or_WID,0
35,MALE_MAR_or_WID,0
36,MALE_MAR_or_WID,0
37,MALE_MAR_or_WID,0
38,MALE_MAR_or_WID,0
39,MALE_MAR_or_WID,0
40,MALE_MAR_or_WID,0
41,MALE_MAR_or_WID,0
42,MALE_MAR_or_WID,0
43,MALE_MAR_or_WID,0
44,MALE_MAR_or_WID,1
45,MALE_MAR_or_WID,0
46,MALE_MAR_or_WID,0
47,MALE_MAR_or_WID,0
48,MALE_MAR_or_WID,0
49,MALE_MAR_or_WID,0
50,MALE_MAR_or_WID,0
51,MALE_MAR_or_WID,0
52,MALE_MAR_or_WID,0
53,MALE_MAR_or_WID,0
54,MALE_MAR_or_WID,0
55,MALE_MAR_or_WID,0
56,MALE_MAR_or_WID,0
57,MALE_MAR_or_WID,0
58,MALE_MAR_or_WID,0
59,MALE_MAR_or_WID,0
60,MALE_MAR_or_WID,0
61,MALE_MAR_or_WID,1
62,MALE_MAR_or_WID,0
63,MALE_MAR_or_WID,0
64,MALE_MAR_or_WID,0
65,MALE_MAR_or_WID,0
66,MALE_MAR_or_WID,0
67,MALE_MAR_or_WID,0
68,MALE_MAR_or_WID,1
69,MALE_MAR_or_WID,0
70,MALE_MAR_or_WID,0
71,MALE_MAR_or_WID,0
72,MALE_MAR_or_WID,0
73,MALE_MAR_or_WID,0
74,MALE_MAR_or_WID,0
75,MALE_MAR_or_WID,0
76,MALE_MAR_or_WID,0
77,MALE_MAR_or_WID,0
78,MALE_MAR_or_WID,0
79,MALE_MAR_or_WID,0
80,MALE_MAR_or_WID,1
81,MALE_MAR_or_WID,0
82,MALE_MAR_or_WID,0
83,MALE_MAR_or_WID,0
84,MALE_MAR_or_WID,0
85,MALE_MAR_or_WID,0
86,MALE_MAR_or_WID,0
87,MALE_MAR_or_WID,0
88,MALE_MAR_or_WID,0
89,MALE_MAR_or_WID,0
90,MALE_MAR_or_WID,0
91,MALE_MAR_or_WID,0
92,MALE_MAR_or_WID,0
93,MALE_MAR_or_WID,0
94,MALE_MAR_or_WID,0
95,MALE_MAR_or_WID,0
96,MALE_MAR_or_WID,0
97,MALE_MAR_or_WID,0
98,MALE_MAR_or_WID,0
99,MALE_MAR_or_WID,0
100,MALE_MAR_or_WID,0
101,MALE_MAR_or_WID,1
102,MALE_MAR_or_WID,0
103,MALE_MAR_or_WID,0
104,MALE_MAR_or_WID,0
105,MALE_MAR_or_WID,1
106,MALE_MAR_or_WID,0
107,MALE_MAR_or_WID,0
108,MALE_MAR_or_WID,0
109,MALE_MAR_or_WID,0
110,MALE_MAR_or_WID,1
111,MALE_MAR_or_WID,0
112,MALE_MAR_or_WID,0
113,MALE_MAR_or_WID,0
114,MALE_MAR_or_WID,0
115,MALE_MAR_or_WID,1
116,MALE_MAR_or_WID,0
117,MALE_MAR_or_WID,0
118,MALE_MAR_or_WID,0
119,MALE_MAR_or_WID,0
120,MALE_MAR_or_WID,0
121,MALE_MAR_or_WID,0
122,MALE_MAR_or_WID,0
123,MALE_MAR_or_WID,0
124,MALE_MAR_or_WID,0
125,MALE_MAR_or_WID,0
126,MALE_MAR_or_WID,0
127,MALE_MAR_or_WID,1
128,MALE_MAR_or_WID,0
129,MALE_MAR_or_WID,0
130,MALE_MAR_or_WID,0
131,MALE_MAR_or_WID,0
132,MALE_MAR_or_WID,0
133,MALE_MAR_or_WID,0
134,MALE_MAR_or_WID,0
135,MALE_MAR_or_WID,0
136,MALE_MAR_or_WID,0
137,MALE_MAR_or_WID,0
138,MALE_MAR_or_WID,0
139,MALE_MAR_or_WID,0
140,MALE_MAR_or_WID,0
141,MALE_MAR_or_WID,1
142,MALE_MAR_or_WID,0
143,MALE_MAR_or_WID,0
144,MALE_MAR_or_WID,0
145,MALE_MAR_or_WID,0
146,MALE_MAR_or_WID,0
147,MALE_MAR_or_WID,0
148,MALE_MAR_or_WID,0
149,MALE_MAR_or_WID,0
150,MALE_MAR_or_WID,0
151,MALE_MAR_or_WID,0
152,MALE_MAR_or_WID,0
153,MALE_MAR_or_WID,0
154,MALE_MAR_or_WID,0
155,MALE_MAR_or_WID,0
156,MALE_MAR_or_WID,0
157,MALE_MAR_or_WID,0
158,MALE_MAR_or_WID,1
159,MALE_MAR_or_WID,0
160,MALE_MAR_or_WID,0
161,MALE_MAR_or_WID,0
162,MALE_MAR_or_WID,0
163,MALE_MAR_or_WID,0
164,MALE_MAR_or_WID,0
165,MALE_MAR_or_WID,0
166,MALE_MAR_or_WID,0
167,MALE_MAR_or_WID,0
168,MALE_MAR_or_WID,0
169,MALE_MAR_or_WID,0
170,MALE_MAR_or_WID,0
171,MALE_MAR_or_WID,0
172,MALE_MAR_or_WID,0
173,MALE_MAR_or_WID,0
174,MALE_MAR_or_WID,0
175,MALE_MAR_or_WID,0
176,MALE_MAR_or_WID,0
177,MALE_MAR_or_WID,0
178,MALE_MAR_or_WID,0
179,MALE_MAR_or_WID,0
180,MALE_MAR_or_WID,0
181,MALE_MAR_or_WID,0
182,MALE_MAR_or_WID,0
183,MALE_MAR_or_WID,0
184,MALE_MAR_or_WID,0
185,MALE_MAR_or_WID,0
186,MALE_MAR_or_WID,0
187,MALE_MAR_or_WID,0
188,MALE_MAR_or_WID,0
189,MALE_MAR_or_WID,1
190,MALE_MAR_or_WID,0
191,MALE_MAR_or_WID,0
192,MALE_MAR_or_WID,0
193,MALE_MAR_or_WID,0
194,MALE_MAR_or_WID,1
195,MALE_MAR_or_WID,0
196,MALE_MAR_or_WID,0
197,MALE_MAR_or_WID,0
198,MALE_MAR_or_WID,0
199,MALE_MAR_or_WID,0
200,MALE_MAR_or_WID,0
201,MALE_MAR_or_WID,0
202,MALE_MAR_or_WID,1
203,MALE_MAR_or_WID,0
204,MALE_MAR_or_WID,1
205,MALE_MAR_or_WID,0
206,MALE_MAR_or_WID,0
207,MALE_MAR_or_WID,0
208,MALE_MAR_or_WID,0
209,MALE_MAR_or_WID,1
210,MALE_MAR_or_WID,0
211,MALE_MAR_or_WID,0
212,MALE_MAR_or_WID,0
213,MALE_MAR_or_WID,0
214,MALE_MAR_or_WID,0
215,MALE_MAR_or_WID,0
216,MALE_MAR_or_WID,0
217,MALE_MAR_or_WID,0
218,MALE_MAR_or_WID,0
219,MALE_MAR_or_WID,0
220,MALE_MAR_or_WID,0
221,MALE_MAR_or_WID,1
222,MALE_MAR_or_WID,0
223,MALE_MAR_or_WID,0
224,MALE_MAR_or_WID,0
225,MALE_MAR_or_WID,0
226,MALE_MAR_or_WID,0
227,MALE_MAR_or_WID,0
228,MALE_MAR_or_WID,0
229,MALE_MAR_or_WID,0
230,MALE_MAR_or_WID,0
231,MALE_MAR_or_WID,0
232,MALE_MAR_or_WID,0
233,MALE_MAR_or_WID,0
234,MALE_MAR_or_WID,1
235,MALE_MAR_or_WID,0
236,MALE_MAR_or_WID,0
237,MALE_MAR_or_WID,0
238,MALE_MAR_or_WID,0
239,MALE_MAR_or_WID,0
240,MALE_MAR_or_WID,0
241,MALE_MAR_or_WID,0
242,MALE_MAR_or_WID,0
243,MALE_MAR_or_WID,0
244,MALE_MAR_or_WID,0
245,MALE_MAR_or_WID,0
246,MALE_MAR_or_WID,0
247,MALE_MAR_or_WID,0
248,MALE_MAR_or_WID,0
249,MALE_MAR_or_WID,0
250,MALE_MAR_or_WID,0
251,MALE_MAR_or_WID,0
252,MALE_MAR_or_WID,0
253,MALE_MAR_or_WID,0
254,MALE_MAR_or_WID,0
255,MALE_MAR_or_WID,0
256,MALE_MAR_or_WID,0
257,MALE_MAR_or_WID,0
258,MALE_MAR_or_WID,0
259,MALE_MAR_or_WID,0
260,MALE_MAR_or_WID,0
261,MALE_MAR_or_WID,0
262,MALE_MAR_or_WID,0
263,MALE_MAR_or_WID,0
264,MALE_MAR_or_WID,0
265,MALE_MAR_or_WID,0
266,MALE_MAR_or_WID,0
267,MALE_MAR_or_WID,0
268,MALE_MAR_or_WID,0
269,MALE_MAR_or_WID,0
270,MALE_MAR_or_WID,0
271,MALE_MAR_or_WID,0
272,MALE_MAR_or_WID,0
273,MALE_MAR_or_WID,0
274,MALE_MAR_or_WID,0
275,MALE_MAR_or_WID,0
276,MALE_MAR_or_WID,0
277,MALE_MAR_or_WID,0
278,MALE_MAR_or_WID,0
279,MALE_MAR_or_WID,0
280,MALE_MAR_or_WID,0
281,MALE_MAR_or_WID,0
282,MALE_MAR_or_WID,0
283,MALE_MAR_or_WID,0
284,MALE_MAR_or_WID,0
285,MALE_MAR_or_WID,0
286,MALE_MAR_or_WID,0
287,MALE_MAR_or_WID,0
288,MALE_MAR_or_WID,0
289,MALE_MAR_or_WID,0
290,MALE_MAR_or_WID,1
291,MALE_MAR_or_WID,1
292,MALE_MAR_or_WID,1
293,MALE_MAR_or_WID,0
294,MALE_MAR_or_WID,0
295,MALE_MAR_or_WID,0
296,MALE_MAR_or_WID,0
297,MALE_MAR_or_WID,0
298,MALE_MAR_or_WID,0
299,MALE_MAR_or_WID,0
300,MALE_MAR_or_WID,0
301,MALE_MAR_or_WID,0
302,MALE_MAR_or_WID,0
303,MALE_MAR_or_WID,0
304,MALE_MAR_or_WID,0
305,MALE_MAR_or_WID,0
306,MALE_MAR_or_WID,0
307,MALE_MAR_or_WID,0
308,MALE_MAR_or_WID,1
309,MALE_MAR_or_WID,0
310,MALE_MAR_or_WID,1
311,MALE_MAR_or_WID,0
312,MALE_MAR_or_WID,0
313,MALE_MAR_or_WID,0
314,MALE_MAR_or_WID,1
315,MALE_MAR_or_WID,0
316,MALE_MAR_or_WID,0
317,MALE_MAR_or_WID,0
318,MALE_MAR_or_WID,0
319,MALE_MAR_or_WID,0
320,MALE_MAR_or_WID,0
321,MALE_MAR_or_WID,1
322,MALE_MAR_or_WID,0
323,MALE_MAR_or_WID,0
324,MALE_MAR_or_WID,0
325,MALE_MAR_or_WID,0
326,MALE_MAR_or_WID,0
327,MALE_MAR_or_WID,0
328,MALE_MAR_or_WID,0
329,MALE_MAR_or_WID,0
330,MALE_MAR_or_WID,0
331,MALE_MAR_or_WID,0
332,MALE_MAR_or_WID,0
333,MALE_MAR_or_WID,0
334,MALE_MAR_or_WID,0
335,MALE_MAR_or_WID,0
336,MALE_MAR_or_WID,0
337,MALE_MAR_or_WID,0
338,MALE_MAR_or_WID,0
339,MALE_MAR_or_WID,0
340,MALE_MAR_or_WID,0
341,MALE_MAR_or_WID,0
342,MALE_MAR_or_WID,0
343,MALE_MAR_or_WID,1
344,MALE_MAR_or_WID,0
345,MALE_MAR_or_WID,0
346,MALE_MAR_or_WID,0
347,MALE_MAR_or_WID,0
348,MALE_MAR_or_WID,0
349,MALE_MAR_or_WID,0
350,MALE_MAR_or_WID,0
351,MALE_MAR_or_WID,0
352,MALE_MAR_or_WID,0
353,MALE_MAR_or_WID,0
354,MALE_MAR_or_WID,0
355,MALE_MAR_or_WID,0
356,MALE_MAR_or_WID,0
357,MALE_MAR_or_WID,0
358,MALE_MAR_or_WID,0
359,MALE_MAR_or_WID,1
360,MALE_MAR_or_WID,0
361,MALE_MAR_or_WID,0
362,MALE_MAR_or_WID,0
363,MALE_MAR_or_WID,0
364,MALE_MAR_or_WID,1
365,MALE_MAR_or_WID,0
366,MALE_MAR_or_WID,0
367,MALE_MAR_or_WID,0
368,MALE_MAR_or_WID,0
369,MALE_MAR_or_WID,0
370,MALE_MAR_or_WID,0
371,MALE_MAR_or_WID,0
372,MALE_MAR_or_WID,0
373,MALE_MAR_or_WID,0
374,MALE_MAR_or_WID,0
375,MALE_MAR_or_WID,0
376,MALE_MAR_or_WID,0
377,MALE_MAR_or_WID,1
378,MALE_MAR_or_WID,0
379,MALE_MAR_or_WID,0
380,MALE_MAR_or_WID,0
381,MALE_MAR_or_WID,0
382,MALE_MAR_or_WID,0
383,MALE_MAR_or_WID,0
384,MALE_MAR_or_WID,0
385,MALE_MAR_or_WID,0
386,MALE_MAR_or_WID,0
387,MALE_MAR_or_WID,0
388,MALE_MAR_or_WID,0
389,MALE_MAR_or_WID,0
390,MALE_MAR_or_WID,0
391,MALE_MAR_or_WID,1
392,MALE_MAR_or_WID,0
393,MALE_MAR_or_WID,0
394,MALE_MAR_or_WID,0
395,MALE_MAR_or_WID,0
396,MALE_MAR_or_WID,0
397,MALE_MAR_or_WID,0
398,MALE_MAR_or_WID,1
399,MALE_MAR_or_WID,0
400,MALE_MAR_or_WID,0
401,MALE_MAR_or_WID,1
402,MALE_MAR_or_WID,1
403,MALE_MAR_or_WID,0
404,MALE_MAR_or_WID,0
405,MALE_MAR_or_WID,0
406,MALE_MAR_or_WID,1
407,MALE_MAR_or_WID,0
408,MALE_MAR_or_WID,1
409,MALE_MAR_or_WID,0
410,MALE_MAR_or_WID,1
411,MALE_MAR_or_WID,0
412,MALE_MAR_or_WID,0
413,MALE_MAR_or_WID,0
414,MALE_MAR_or_WID,0
415,MALE_MAR_or_WID,0
416,MALE_MAR_or_WID,0
417,MALE_MAR_or_WID,0
418,MALE_MAR_or_WID,0
419,MALE_MAR_or_WID,0
420,MALE_MAR_or_WID,0
421,MALE_MAR_or_WID,0
422,MALE_MAR_or_WID,0
423,MALE_MAR_or_WID,0
424,MALE_MAR_or_WID,0
425,MALE_MAR_or_WID,0
426,MALE_MAR_or_WID,1
427,MALE_MAR_or_WID,0
428,MALE_MAR_or_WID,0
429,MALE_MAR_or_WID,0
430,MALE_MAR_or_WID,0
431,MALE_MAR_or_WID,0
432,MALE_MAR_or_WID,0
433,MALE_MAR_or_WID,0
434,MALE_MAR_or_WID,0
435,MALE_MAR_or_WID,0
436,MALE_MAR_or_WID,1
437,MALE_MAR_or_WID,1
438,MALE_MAR_or_WID,0
439,MALE_MAR_or_WID,0
440,MALE_MAR_or_WID,0
441,MALE_MAR_or_WID,0
442,MALE_MAR_or_WID,0
443,MALE_MAR_or_WID,0
444,MALE_MAR_or_WID,0
445,MALE_MAR_or_WID,0
446,MALE_MAR_or_WID,0
447,MALE_MAR_or_WID,0
448,MALE_MAR_or_WID,0
449,MALE_MAR_or_WID,0
450,MALE_MAR_or_WID,1
451,MALE_MAR_or_WID,0
452,MALE_MAR_or_WID,0
453,MALE_MAR_or_WID,0
454,MALE_MAR_or_WID,0
455,MALE_MAR_or_WID,0
456,MALE_MAR_or_WID,0
457,MALE_MAR_or_WID,0
458,MALE_MAR_or_WID,0
459,MALE_MAR_or_WID,0
460,MALE_MAR_or_WID,0
461,MALE_MAR_or_WID,0
462,MALE_MAR_or_WID,0
463,MALE_MAR_or_WID,0
464,MALE_MAR_or_WID,0
465,MALE_MAR_or_WID,0
466,MALE_MAR_or_WID,0
467,MALE_MAR_or_WID,0
468,MALE_MAR_or_WID,0
469,MALE_MAR_or_WID,0
470,MALE_MAR_or_WID,0
471,MALE_MAR_or_WID,1
472,MALE_MAR_or_WID,0
473,MALE_MAR_or_WID,0
474,MALE_MAR_or_WID,0
475,MALE_MAR_or_WID,1
476,MALE_MAR_or_WID,0
477,MALE_MAR_or_WID,0
478,MALE_MAR_or_WID,0
479,MALE_MAR_or_WID,0
480,MALE_MAR_or_WID,0
481,MALE_MAR_or_WID,0
482,MALE_MAR_or_WID,0
483,MALE_MAR_or_WID,0
484,MALE_MAR_or_WID,0
485,MALE_MAR_or_WID,0
486,MALE_MAR_or_WID,0
487,MALE_MAR_or_WID,0
488,MALE_MAR_or_WID,0
489,MALE_MAR_or_WID,0
490,MALE_MAR_or_WID,0
491,MALE_MAR_or_WID,0
492,MALE_MAR_or_WID,0
493,MALE_MAR_or_WID,0
494,MALE_MAR_or_WID,0
495,MALE_MAR_or_WID,0
496,MALE_MAR_or_WID,1
497,MALE_MAR_or_WID,0
498,MALE_MAR_or_WID,0
499,MALE_MAR_or_WID,1
500,MALE_MAR_or_WID,0
501,MALE_MAR_or_WID,0
502,MALE_MAR_or_WID,0
503,MALE_MAR_or_WID,0
504,MALE_MAR_or_WID,0
505,MALE_MAR_or_WID,0
506,MALE_MAR_or_WID,0
507,MALE_MAR_or_WID,0
508,MALE_MAR_or_WID,0
509,MALE_MAR_or_WID,1
510,MALE_MAR_or_WID,0
511,MALE_MAR_or_WID,0
512,MALE_MAR_or_WID,0
513,MALE_MAR_or_WID,0
514,MALE_MAR_or_WID,1
515,MALE_MAR_or_WID,0
516,MALE_MAR_or_WID,0
517,MALE_MAR_or_WID,0
518,MALE_MAR_or_WID,0
519,MALE_MAR_or_WID,0
520,MALE_MAR_or_WID,0
521,MALE_MAR_or_WID,0
522,MALE_MAR_or_WID,0
523,MALE_MAR_or_WID,0
524,MALE_MAR_or_WID,0
525,MALE_MAR_or_WID,0
526,MALE_MAR_or_WID,0
527,MALE_MAR_or_WID,0
528,MALE_MAR_or_WID,0
529,MALE_MAR_or_WID,0
530,MALE_MAR_or_WID,0
531,MALE_MAR_or_WID,0
532,MALE_MAR_or_WID,0
533,MALE_MAR_or_WID,1
534,MALE_MAR_or_WID,1
535,MALE_MAR_or_WID,0
536,MALE_MAR_or_WID,0
537,MALE_MAR_or_WID,0
538,MALE_MAR_or_WID,0
539,MALE_MAR_or_WID,0
540,MALE_MAR_or_WID,0
541,MALE_MAR_or_WID,1
542,MALE_MAR_or_WID,0
543,MALE_MAR_or_WID,0
544,MALE_MAR_or_WID,0
545,MALE_MAR_or_WID,0
546,MALE_MAR_or_WID,0
547,MALE_MAR_or_WID,0
548,MALE_MAR_or_WID,0
549,MALE_MAR_or_WID,0
550,MALE_MAR_or_WID,0
551,MALE_MAR_or_WID,0
552,MALE_MAR_or_WID,0
553,MALE_MAR_or_WID,1
554,MALE_MAR_or_WID,0
555,MALE_MAR_or_WID,0
556,MALE_MAR_or_WID,0
557,MALE_MAR_or_WID,0
558,MALE_MAR_or_WID,0
559,MALE_MAR_or_WID,0
560,MALE_MAR_or_WID,0
561,MALE_MAR_or_WID,0
562,MALE_MAR_or_WID,0
563,MALE_MAR_or_WID,0
564,MALE_MAR_or_WID,0
565,MALE_MAR_or_WID,0
566,MALE_MAR_or_WID,0
567,MALE_MAR_or_WID,0
568,MALE_MAR_or_WID,0
569,MALE_MAR_or_WID,0
570,MALE_MAR_or_WID,0
571,MALE_MAR_or_WID,0
572,MALE_MAR_or_WID,0
573,MALE_MAR_or_WID,0
574,MALE_MAR_or_WID,0
575,MALE_MAR_or_WID,0
576,MALE_MAR_or_WID,0
577,MALE_MAR_or_WID,0
578,MALE_MAR_or_WID,0
579,MALE_MAR_or_WID,0
580,MALE_MAR_or_WID,1
581,MALE_MAR_or_WID,0
582,MALE_MAR_or_WID,0
583,MALE_MAR_or_WID,0
584,MALE_MAR_or_WID,0
585,MALE_MAR_or_WID,0
586,MALE_MAR_or_WID,0
587,MALE_MAR_or_WID,0
588,MALE_MAR_or_WID,0
589,MALE_MAR_or_WID,1
590,MALE_MAR_or_WID,0
591,MALE_MAR_or_WID,0
592,MALE_MAR_or_WID,0
593,MALE_MAR_or_WID,0
594,MALE_MAR_or_WID,0
595,MALE_MAR_or_WID,0
596,MALE_MAR_or_WID,0
597,MALE_MAR_or_WID,0
598,MALE_MAR_or_WID,0
599,MALE_MAR_or_WID,0
600,MALE_MAR_or_WID,0
601,MALE_MAR_or_WID,0
602,MALE_MAR_or_WID,0
603,MALE_MAR_or_WID,0
604,MALE_MAR_or_WID,0
605,MALE_MAR_or_WID,0
606,MALE_MAR_or_WID,0
607,MALE_MAR_or_WID,0
608,MALE_MAR_or_WID,0
609,MALE_MAR_or_WID,0
610,MALE_MAR_or_WID,0
611,MALE_MAR_or_WID,0
612,MALE_MAR_or_WID,0
613,MALE_MAR_or_WID,0
614,MALE_MAR_or_WID,0
615,MALE_MAR_or_WID,0
616,MALE_MAR_or_WID,0
617,MALE_MAR_or_WID,0
618,MALE_MAR_or_WID,0
619,MALE_MAR_or_WID,0
620,MALE_MAR_or_WID,0
621,MALE_MAR_or_WID,0
622,MALE_MAR_or_WID,0
623,MALE_MAR_or_WID,0
624,MALE_MAR_or_WID,0
625,MALE_MAR_or_WID,0
626,MALE_MAR_or_WID,0
627,MALE_MAR_or_WID,0
628,MALE_MAR_or_WID,0
629,MALE_MAR_or_WID,0
630,MALE_MAR_or_WID,0
631,MALE_MAR_or_WID,0
632,MALE_MAR_or_WID,0
633,MALE_MAR_or_WID,0
634,MALE_MAR_or_WID,0
635,MALE_MAR_or_WID,0
636,MALE_MAR_or_WID,0
637,MALE_MAR_or_WID,0
638,MALE_MAR_or_WID,0
639,MALE_MAR_or_WID,0
640,MALE_MAR_or_WID,0
641,MALE_MAR_or_WID,0
642,MALE_MAR_or_WID,0
643,MALE_MAR_or_WID,0
644,MALE_MAR_or_WID,1
645,MALE_MAR_or_WID,1
646,MALE_MAR_or_WID,0
647,MALE_MAR_or_WID,0
648,MALE_MAR_or_WID,0
649,MALE_MAR_or_WID,0
650,MALE_MAR_or_WID,0
651,MALE_MAR_or_WID,0
652,MALE_MAR_or_WID,0
653,MALE_MAR_or_WID,0
654,MALE_MAR_or_WID,0
655,MALE_MAR_or_WID,0
656,MALE_MAR_or_WID,0
657,MALE_MAR_or_WID,0
658,MALE_MAR_or_WID,0
659,MALE_MAR_or_WID,0
660,MALE_MAR_or_WID,0
661,MALE_MAR_or_WID,1
662,MALE_MAR_or_WID,1
663,MALE_MAR_or_WID,0
664,MALE_MAR_or_WID,0
665,MALE_MAR_or_WID,0
666,MALE_MAR_or_WID,0
667,MALE_MAR_or_WID,0
668,MALE_MAR_or_WID,0
669,MALE_MAR_or_WID,0
670,MALE_MAR_or_WID,0
671,MALE_MAR_or_WID,0
672,MALE_MAR_or_WID,0
673,MALE_MAR_or_WID,0
674,MALE_MAR_or_WID,1
675,MALE_MAR_or_WID,0
676,MALE_MAR_or_WID,0
677,MALE_MAR_or_WID,0
678,MALE_MAR_or_WID,1
679,MALE_MAR_or_WID,0
680,MALE_MAR_or_WID,0
681,MALE_MAR_or_WID,0
682,MALE_MAR_or_WID,0
683,MALE_MAR_or_WID,1
684,MALE_MAR_or_WID,1
685,MALE_MAR_or_WID,0
686,MALE_MAR_or_WID,0
687,MALE_MAR_or_WID,0
688,MALE_MAR_or_WID,0
689,MALE_MAR_or_WID,0
690,MALE_MAR_or_WID,0
691,MALE_MAR_or_WID,0
692,MALE_MAR_or_WID,0
693,MALE_MAR_or_WID,0
694,MALE_MAR_or_WID,0
695,MALE_MAR_or_WID,0
696,MALE_MAR_or_WID,0
697,MALE_MAR_or_WID,0
698,MALE_MAR_or_WID,0
699,MALE_MAR_or_WID,0
700,MALE_MAR_or_WID,0
701,MALE_MAR_or_WID,0
702,MALE_MAR_or_WID,0
703,MALE_MAR_or_WID,0
704,MALE_MAR_or_WID,0
705,MALE_MAR_or_WID,0
706,MALE_MAR_or_WID,0
707,MALE_MAR_or_WID,0
708,MALE_MAR_or_WID,0
709,MALE_MAR_or_WID,0
710,MALE_MAR_or_WID,0
711,MALE_MAR_or_WID,0
712,MALE_MAR_or_WID,0
713,MALE_MAR_or_WID,0
714,MALE_MAR_or_WID,0
715,MALE_MAR_or_WID,0
716,MALE_MAR_or_WID,0
717,MALE_MAR_or_WID,0
718,MALE_MAR_or_WID,0
719,MALE_MAR_or_WID,0
720,MALE_MAR_or_WID,1
721,MALE_MAR_or_WID,0
722,MALE_MAR_or_WID,0
723,MALE_MAR_or_WID,0
724,MALE_MAR_or_WID,0
725,MALE_MAR_or_WID,0
726,MALE_MAR_or_WID,0
727,MALE_MAR_or_WID,1
728,MALE_MAR_or_WID,0
729,MALE_MAR_or_WID,0
730,MALE_MAR_or_WID,0
731,MALE_MAR_or_WID,0
732,MALE_MAR_or_WID,0
733,MALE_MAR_or_WID,0
734,MALE_MAR_or_WID,0
735,MALE_MAR_or_WID,0
736,MALE_MAR_or_WID,0
737,MALE_MAR_or_WID,0
738,MALE_MAR_or_WID,0
739,MALE_MAR_or_WID,0
740,MALE_MAR_or_WID,0
741,MALE_MAR_or_WID,0
742,MALE_MAR_or_WID,0
743,MALE_MAR_or_WID,0
744,MALE_MAR_or_WID,0
745,MALE_MAR_or_WID,0
746,MALE_MAR_or_WID,0
747,MALE_MAR_or_WID,0
748,MALE_MAR_or_WID,0
749,MALE_MAR_or_WID,0
750,MALE_MAR_or_WID,0
751,MALE_MAR_or_WID,0
752,MALE_MAR_or_WID,0
753,MALE_MAR_or_WID,0
754,MALE_MAR_or_WID,0
755,MALE_MAR_or_WID,0
756,MALE_MAR_or_WID,0
757,MALE_MAR_or_WID,0
758,MALE_MAR_or_WID,0
759,MALE_MAR_or_WID,0
760,MALE_MAR_or_WID,0
761,MALE_MAR_or_WID,0
762,MALE_MAR_or_WID,0
763,MALE_MAR_or_WID,0
764,MALE_MAR_or_WID,0
765,MALE_MAR_or_WID,1
766,MALE_MAR_or_WID,1
767,MALE_MAR_or_WID,0
768,MALE_MAR_or_WID,0
769,MALE_MAR_or_WID,0
770,MALE_MAR_or_WID,0
771,MALE_MAR_or_WID,0
772,MALE_MAR_or_WID,0
773,MALE_MAR_or_WID,0
774,MALE_MAR_or_WID,0
775,MALE_MAR_or_WID,0
776,MALE_MAR_or_WID,0
777,MALE_MAR_or_WID,0
778,MALE_MAR_or_WID,0
779,MALE_MAR_or_WID,0
780,MALE_MAR_or_WID,0
781,MALE_MAR_or_WID,0
782,MALE_MAR_or_WID,0
783,MALE_MAR_or_WID,0
784,MALE_MAR_or_WID,0
785,MALE_MAR_or_WID,0
786,MALE_MAR_or_WID,0
787,MALE_MAR_or_WID,0
788,MALE_MAR_or_WID,0
789,MALE_MAR_or_WID,0
790,MALE_MAR_or_WID,0
791,MALE_MAR_or_WID,0
792,MALE_MAR_or_WID,0
793,MALE_MAR_or_WID,1
794,MALE_MAR_or_WID,0
795,MALE_MAR_or_WID,0
796,MALE_MAR_or_WID,0
797,MALE_MAR_or_WID,0
798,MALE_MAR_or_WID,0
799,MALE_MAR_or_WID,1
800,MALE_MAR_or_WID,0
801,MALE_MAR_or_WID,0
802,MALE_MAR_or_WID,0
803,MALE_MAR_or_WID,0
804,MALE_MAR_or_WID,0
805,MALE_MAR_or_WID,0
806,MALE_MAR_or_WID,0
807,MALE_MAR_or_WID,1
808,MALE_MAR_or_WID,0
809,MALE_MAR_or_WID,0
810,MALE_MAR_or_WID,0
811,MALE_MAR_or_WID,1
812,MALE_MAR_or_WID,1
813,MALE_MAR_or_WID,0
814,MALE_MAR_or_WID,0
815,MALE_MAR_or_WID,0
816,MALE_MAR_or_WID,0
817,MALE_MAR_or_WID,0
818,MALE_MAR_or_WID,0
819,MALE_MAR_or_WID,0
820,MALE_MAR_or_WID,1
821,MALE_MAR_or_WID,1
822,MALE_MAR_or_WID,1
823,MALE_MAR_or_WID,0
824,MALE_MAR_or_WID,0
825,MALE_MAR_or_WID,0
826,MALE_MAR_or_WID,1
827,MALE_MAR_or_WID,0
828,MALE_MAR_or_WID,0
829,MALE_MAR_or_WID,0
830,MALE_MAR_or_WID,0
831,MALE_MAR_or_WID,0
832,MALE_MAR_or_WID,0
833,MALE_MAR_or_WID,0
834,MALE_MAR_or_WID,0
835,MALE_MAR_or_WID,0
836,MALE_MAR_or_WID,0
837,MALE_MAR_or_WID,0
838,MALE_MAR_or_WID,0
839,MALE_MAR_or_WID,0
840,MALE_MAR_or_WID,1
841,MALE_MAR_or_WID,0
842,MALE_MAR_or_WID,0
843,MALE_MAR_or_WID,0
844,MALE_MAR_or_WID,0
845,MALE_MAR_or_WID,0
846,MALE_MAR_or_WID,0
847,MALE_MAR_or_WID,0
848,MALE_MAR_or_WID,1
849,MALE_MAR_or_WID,0
850,MALE_MAR_or_WID,0
851,MALE_MAR_or_WID,1
852,MALE_MAR_or_WID,0
853,MALE_MAR_or_WID,0
854,MALE_MAR_or_WID,0
855,MALE_MAR_or_WID,0
856,MALE_MAR_or_WID,1
857,MALE_MAR_or_WID,0
858,MALE_MAR_or_WID,0
859,MALE_MAR_or_WID,0
860,MALE_MAR_or_WID,0
861,MALE_MAR_or_WID,0
862,MALE_MAR_or_WID,1
863,MALE_MAR_or_WID,0
864,MALE_MAR_or_WID,0
865,MALE_MAR_or_WID,0
866,MALE_MAR_or_WID,0
867,MALE_MAR_or_WID,0
868,MALE_MAR_or_WID,0
869,MALE_MAR_or_WID,0
870,MALE_MAR_or_WID,0
871,MALE_MAR_or_WID,0
872,MALE_MAR_or_WID,0
873,MALE_MAR_or_WID,0
874,MALE_MAR_or_WID,0
875,MALE_MAR_or_WID,0
876,MALE_MAR_or_WID,0
877,MALE_MAR_or_WID,0
878,MALE_MAR_or_WID,0
879,MALE_MAR_or_WID,0
880,MALE_MAR_or_WID,0
881,MALE_MAR_or_WID,0
882,MALE_MAR_or_WID,0
883,MALE_MAR_or_WID,0
884,MALE_MAR_or_WID,0
885,MALE_MAR_or_WID,0
886,MALE_MAR_or_WID,0
887,MALE_MAR_or_WID,0
888,MALE_MAR_or_WID,0
889,MALE_MAR_or_WID,0
890,MALE_MAR_or_WID,0
891,MALE_MAR_or_WID,0
892,MALE_MAR_or_WID,0
893,MALE_MAR_or_WID,0
894,MALE_MAR_or_WID,0
895,MALE_MAR_or_WID,0
896,MALE_MAR_or_WID,0
897,MALE_MAR_or_WID,0
898,MALE_MAR_or_WID,0
899,MALE_MAR_or_WID,0
900,MALE_MAR_or_WID,0
901,MALE_MAR_or_WID,0
902,MALE_MAR_or_WID,0
903,MALE_MAR_or_WID,0
904,MALE_MAR_or_WID,1
905,MALE_MAR_or_WID,0
906,MALE_MAR_or_WID,0
907,MALE_MAR_or_WID,0
908,MALE_MAR_or_WID,1
909,MALE_MAR_or_WID,0
910,MALE_MAR_or_WID,0
911,MALE_MAR_or_WID,0
912,MALE_MAR_or_WID,0
913,MALE_MAR_or_WID,0
914,MALE_MAR_or_WID,0
915,MALE_MAR_or_WID,0
916,MALE_MAR_or_WID,0
917,MALE_MAR_or_WID,0
918,MALE_MAR_or_WID,0
919,MALE_MAR_or_WID,0
920,MALE_MAR_or_WID,0
921,MALE_MAR_or_WID,0
922,MALE_MAR_or_WID,0
923,MALE_MAR_or_WID,0
924,MALE_MAR_or_WID,0
925,MALE_MAR_or_WID,0
926,MALE_MAR_or_WID,0
927,MALE_MAR_or_WID,0
928,MALE_MAR_or_WID,0
929,MALE_MAR_or_WID,0
930,MALE_MAR_or_WID,0
931,MALE_MAR_or_WID,0
932,MALE_MAR_or_WID,0
933,MALE_MAR_or_WID,0
934,MALE_MAR_or_WID,0
935,MALE_MAR_or_WID,0
936,MALE_MAR_or_WID,0
937,MALE_MAR_or_WID,0
938,MALE_MAR_or_WID,1
939,MALE_MAR_or_WID,0
940,MALE_MAR_or_WID,0
941,MALE_MAR_or_WID,0
942,MALE_MAR_or_WID,0
943,MALE_MAR_or_WID,0
944,MALE_MAR_or_WID,0
945,MALE_MAR_or_WID,0
946,MALE_MAR_or_WID,0
947,MALE_MAR_or_WID,0
948,MALE_MAR_or_WID,0
949,MALE_MAR_or_WID,1
950,MALE_MAR_or_WID,0
951,MALE_MAR_or_WID,1
952,MALE_MAR_or_WID,0
953,MALE_MAR_or_WID,0
954,MALE_MAR_or_WID,0
955,MALE_MAR_or_WID,0
956,MALE_MAR_or_WID,0
957,MALE_MAR_or_WID,0
958,MALE_MAR_or_WID,0
959,MALE_MAR_or_WID,0
960,MALE_MAR_or_WID,0
961,MALE_MAR_or_WID,1
962,MALE_MAR_or_WID,0
963,MALE_MAR_or_WID,0
964,MALE_MAR_or_WID,0
965,MALE_MAR_or_WID,1
966,MALE_MAR_or_WID,0
967,MALE_MAR_or_WID,0
968,MALE_MAR_or_WID,0
969,MALE_MAR_or_WID,1
970,MALE_MAR_or_WID,0
971,MALE_MAR_or_WID,0
972,MALE_MAR_or_WID,0
973,MALE_MAR_or_WID,0
974,MALE_MAR_or_WID,0
975,MALE_MAR_or_WID,0
976,MALE_MAR_or_WID,0
977,MALE_MAR_or_WID,0
978,MALE_MAR_or_WID,0
979,MALE_MAR_or_WID,0
980,MALE_MAR_or_WID,1
981,MALE_MAR_or_WID,0
982,MALE_MAR_or_WID,0
983,MALE_MAR_or_WID,0
984,MALE_MAR_or_WID,0
985,MALE_MAR_or_WID,0
986,MALE_MAR_or_WID,0
987,MALE_MAR_or_WID,0
988,MALE_MAR_or_WID,0
989,MALE_MAR_or_WID,0
990,MALE_MAR_or_WID,0
991,MALE_MAR_or_WID,0
992,MALE_MAR_or_WID,0
993,MALE_MAR_or_WID,1
994,MALE_MAR_or_WID,0
995,MALE_MAR_or_WID,0
996,MALE_MAR_or_WID,0
997,MALE_MAR_or_WID,0
998,MALE_MAR_or_WID,0
999,MALE_MAR_or_WID,0
1000,MALE_MAR_or_WID,0
