"","TotalRevenue","Fitted_Val"
"923",127.5,166.391140034047
"2529",106.21,140.891433314052
"1312",156.47,199.836192939025
"2831",105,149.605163882332
"3015",179.98,185.638556507426
"146",178.13,128.691220469665
"1692",217.51,199.116601361358
"2858",177.49,128.100301526218
"1766",173.77,158.844604632892
"1462",134.5,112.677654760868
"3061",138.95,221.60280108083
"1450",104.99,122.241297125337
"2167",132.5,111.378061211312
"1831",196.68,247.165098823617
"329",106.3,143.490438527327
"2875",247.58,284.539719614718
"786",162.5,124.885662911628
"135",124.9,123.58521105653
"1047",197.28,166.603883578413
"3045",110,129.910942660959
"2837",225.03,226.068682862436
"2209",117.5,143.210643323288
"2042",130,115.360628085661
"3168",242.5,219.935499737351
"2089",131.92,123.296282505436
"2256",137.5,122.055186677086
"1732",110,101.381388326656
"1891",105,124.499764309821
"920",207.52,198.495387610029
"468",112.5,145.555561548599
"3062",262.53,285.097366822735
"2868",152.5,186.489469816473
"2195",106.25,128.431863055306
"2527",168.77,133.741797693706
"79",105.09,108.693127681903
"1517",182.06,179.900367145045
"2407",159.48,98.3681619933541
"687",100,106.980964445478
"1009",235.02,157.14705601104
"735",377.5,301.601471042208
"453",165.04,170.65594957594
"1314",304.5,189.0893057154
"1311",105.89,145.10117165727
"1168",110.02,161.514148176393
"483",138.25,144.558517208123
"440",115,94.7597534896313
"738",177.48,148.527083769235
"1474",136.27,192.40344692185
"841",192.26,157.060370965904
"2711",130.01,88.5446058753087
"145",146.7,146.354654362495
"1397",163.18,202.773652632943
"2523",279.99,222.430564335741
"385",192.5,198.84637307766
"1770",246.52,161.500362404867
"652",259.03,329.221768245822
"403",125,120.14543960026
"2375",112.5,124.146285987513
"2821",100,114.498269205147
"1180",112.5,148.425240771777
"2095",107.5,149.967020881883
"299",111.18,113.920141069339
"1209",105,144.855605123722
"864",124,133.853884820425
"2563",177.5,161.784960609889
"1411",215,194.814717799472
"2547",110,90.2620979667126
"2553",311.33,283.31272159842
"2496",194.61,334.834744759992
"1382",197.93,292.496991520105
"2369",105,113.852636862498
"1975",112.5,135.414777406736
"2228",187.48,158.698364004536
"2",382.4,343.333966616658
"1491",149.25,178.339142145765
"690",145,152.544832660982
"1190",168.75,191.964871096858
"1920",126.13,148.343878493495
"1102",132.5,139.218277111939
"348",202.08,207.240401807425
"763",102.5,123.754060726713
"2090",288.65,217.9466718371
"1306",102.49,93.4401432121249
"2464",107.5,104.907531706126
"322",166.87,186.01123606579
"1359",105.49,143.624753270153
"3077",112.5,114.829530091955
"2789",218.76,227.271404081345
"2767",127.48,119.435122662705
"547",105,101.215093733324
"408",127.51,173.281124128596
"2037",152,208.443025267472
"1071",180,128.573054398708
"2047",102.5,122.749528658673
"998",120,103.059379031104
"585",100.44,147.128828958139
"2436",192.49,102.083913388926
"292",114.26,158.207005115231
"1453",135,111.363587115692
"1591",145,144.96414607112
"1866",342.5,277.664960426741
"1035",110,95.0620522879192
"1519",163.28,212.526727398593
"2965",120.53,139.872036663244
"1500",208.74,196.700781416214
"2764",185.89,145.554415093321
"2838",257.5,175.003743949339
"1889",365,332.157630726468
"1274",125,132.611138990545
"456",157.44,138.57609653269
"2899",118.21,148.868858937029
"934",119.15,138.762459542399
"189",121.9,117.804736282198
"2935",990.56,991.464519457992
"2231",155,173.721861645582
"441",497.48,381.181755090099
"1699",263.75,265.645510423114
"2951",132.5,137.293527098502
"1810",125,136.01241470883
"1250",197.5,169.288564862814
"2002",202.44,214.348385780656
"988",322.5,277.585306528831
"950",173.01,159.517974957313
"679",189.23,183.746505113556
"1140",190,148.170683160349
"3036",147.49,222.806089675062
"476",139.99,79.9945891573109
"281",112.8,121.140635871273
"438",113.14,113.841702846522
"2126",144.23,211.814841674051
"1907",207.5,156.132154473285
"2744",152.48,108.32344046001
"2071",110,120.405857001081
"2268",199.99,255.906305576987
"1603",324.83,458.345991910948
"2029",180.02,202.298495333901
"2526",102.47,96.4476377009434
"2416",109.05,176.148397600157
"3010",127.52,109.920139670458
"1350",107,121.913581980486
"957",147.51,156.105672851741
"1257",161.25,200.035162773142
"33",117.5,94.8242223730142
"564",135,128.000810213602
"2583",150.06,179.229871063941
"709",122.51,156.585792804362
"733",139.99,79.1529516669787
"235",124.76,116.863260719509
"753",193.01,278.714837800471
"2241",200,145.43173404187
"2593",215.02,291.330330335145
"1522",139.25,180.318079405831
"1186",225,175.902998075158
"754",122.5,110.299243353226
"340",102.54,106.080631228786
"1192",240,235.999315702058
"1747",107.5,128.750048401281
"662",215,136.570493072795
"1357",145,129.698064825058
"665",260,161.849634276345
"1532",134.99,79.7148682901093
"1079",200,163.716150222144
"1981",170,170.236043147081
"1142",107.51,134.115658629784
"1083",163.87,133.8904578511
"1625",342.49,256.265829404097
"2253",102.5,135.635175387819
"673",172.5,140.007307681899
"1256",103.41,204.253743482659
"808",110,111.490039276042
"1915",118,110.382798070232
"559",212.5,173.077094129426
"2623",152.5,129.690294089927
"2267",180.04,251.339157342845
"3074",100,106.897068203506
"1876",107.98,79.7113556639731
"1129",102.5,121.939099360797
"1607",100,86.2088593646763
"2652",215.48,147.872895735104
"1763",105,165.489980156071
"2544",211.83,206.038950472247
"947",157.51,181.368170338489
"2144",441.23,345.195294422951
"802",127.5,131.513460245842
"1798",112.97,125.794806442214
"1456",297.53,269.160415351701
"3026",148.3,214.584558354952
"1707",105,105.643369515871
"2759",582.5,364.204628755416
"2724",112.5,157.041417674062
"828",154.94,199.063875406265
"971",197.42,209.250411057852
"2974",107.49,174.991346385628
"1870",187.22,186.809441638995
"2827",123.07,123.513093805587
"1407",284.32,249.255894257844
"1226",145,95.128264316565
"1986",196.25,159.520789664858
"459",140.01,165.171924576593
"1725",102.5,94.2078668363365
"719",125,144.537720859258
"2895",206.79,188.40041838961
"1809",185,159.26582136426
"1549",170,113.643797544203
"1210",135.01,139.058128906368
"2645",127.5,91.583311021615
"1094",157.96,189.205127333367
"866",470.69,481.874895877199
"513",293.03,324.209430394108
"517",123.51,147.345756986776
"1446",100,146.779223074346
"759",240,193.029295310479
"649",115,142.442473691951
"2021",294.92,308.109624279345
"143",113.35,148.061189056592
"2099",110,145.716661899862
"1054",256.64,239.869355389648
"1224",113.76,118.907894883888
"2456",151.99,179.042993309774
"2748",167.51,195.048509480425
"845",159.97,111.252108468205
"2872",157.51,172.728156012933
"2176",145,153.962126379085
"2050",335,393.130595564045
"158",110.43,136.283875060239
"3150",105,128.902125062743
"1426",101.98,169.117170361784
"1671",132.5,136.384861220799
"2082",153.75,153.451268097145
"1843",226.86,210.838193756766
"1276",132.5,141.757240430711
"1614",122.98,138.52080582046
"175",150.76,144.470366435737
"777",200.92,228.074102371741
"1182",107.5,118.193909981475
"588",209.95,128.987651414995
"2473",102.97,129.960334985751
"455",137.51,115.432851435286
"2387",120,137.697241086682
"1624",126.74,170.894809563523
"1966",110,98.3325991158608
"510",125,127.642570600956
"1878",115,134.533353000719
"925",123.03,131.189012124646
"2148",150.01,176.252684327015
"1183",105.02,128.191727684309
"2988",152.26,199.036266811967
"2865",220,215.963565511698
"2152",109.99,124.648224343309
"762",306,232.792426687316
"657",138.46,173.779168584093
"1754",152.68,176.718537157044
"791",137.5,122.400399213578
"1570",120,96.3062627130102
"2320",217.98,172.925322364939
"497",120,142.539076158835
"1194",152.5,144.6927058777
"1392",107.5,87.3395104432505
"2561",537.5,362.22526996113
"2730",220,267.57491962879
"2601",167.46,180.835899561778
"1987",132.5,131.273992063722
"2800",235.01,276.667354372769
"1521",100,127.675178762159
"1698",153.75,154.753341348136
"990",155,163.978243672656
"1022",104.27,125.016929499474
"59",107.5,132.938092142591
"1479",119.98,135.204011243402
"2560",142.5,108.376385970186
"19",144.93,175.020311225542
"212",121.29,108.31806557236
"3165",113.9,115.953939101601
"2261",132.51,145.889252627157
"2158",102.5,107.832518061175
"2851",162.51,165.618049862402
"1368",199.99,233.68044792026
"219",101.73,134.011290434609
"1902",185,150.203206247281
"2222",145,204.855158109697
"402",130,146.676077656771
"1161",102.5,129.924392484056
"659",205.46,205.234203341433
"170",136.56,104.231204453471
"1158",115.46,154.906763665321
"190",147.17,180.270321741732
"661",267.5,261.609368813214
"160",132.27,120.390395339209
"1958",100,91.357253633746
"870",110,74.2464392444379
"294",243.9,212.246537021391
"210",141.65,183.605327939575
"2568",170,188.254843279745
"2199",285.01,248.628024777914
"2380",147.65,187.545818356549
"2861",435.01,355.411781458412
"302",162.19,167.320777098185
"289",125.18,145.306835473051
"2325",235.04,224.711135593215
"2283",122.5,85.3260518344566
"28",388.01,344.944963571081
"2265",378.76,429.078820471144
"2120",260,217.433058775282
"3196",117.51,155.073834844812
"3158",197.49,142.098514975701
"2971",202.53,172.853224036843
"24",348.09,290.981970500286
"1313",108.75,135.091399663005
"1428",117.5,145.237086960499
"1130",109.36,199.363197769236
"1347",161.13,203.81838723893
"2067",309.94,271.330981002965
"161",169.5,153.956373092257
"1028",111,128.336422697635
"2324",105.5,127.625307956827
"2418",100,107.504260021414
"688",100,117.241688007603
"1024",182.51,156.574847421287
"2477",107.47,192.145670930799
"2467",105,131.592274467534
"855",147.5,93.8084804727474
"425",127.5,137.68482553901
"2032",202.5,158.985942883045
"300",109.46,175.521776399967
"98",201.33,155.678190406182
"2882",308.96,252.591172374298
"101",108.02,149.301498147098
"975",130,109.348141030424
"2636",177.51,203.736145920772
"1778",163.13,175.198871992889
"824",105.01,105.739036926407
"2123",100,125.488293913231
"2399",172.79,188.122396307219
"904",100.47,145.637725307331
"1416",170,163.354048968073
"2004",197.5,179.832186778145
"2979",115.01,117.741420000978
"1849",125,100.220440440347
"2807",148.5,139.513632439798
"3133",478.65,358.947961320303
"343",168.44,125.511378137508
"1509",110,115.121876033389
"646",130,137.483201071612
"1394",106.5,148.810603261899
"1061",132.5,136.209765711347
"2816",126.16,135.953506342942
"1112",440.48,414.160173184968
"656",103.75,90.971709850127
"1783",110.46,181.780779878065
"391",180.03,148.269863697086
"2766",165,135.768998053867
"1472",215.83,258.112389071063
"466",112.48,114.168072969151
"1776",110,122.100828667658
"2814",137.5,151.560581654443
"1909",122.48,148.558842772372
"1195",140,118.287262360725
"922",191,165.91714185018
"2381",107.5,123.591080095703
"410",102.5,140.784075809714
"550",115,83.4304949365768
"2554",110.52,168.568318347678
"877",188.46,218.598882130401
"1034",152.5,156.727260379711
"2230",252.5,206.026521265913
"2848",310,240.536190639487
"51",117.71,127.091764921346
"1156",130,180.080007983912
"1373",204.25,194.850941304085
"1198",141.25,175.400298911339
"973",195.24,172.565491905523
"2459",207.5,210.802300523752
"1291",128.92,131.837503900877
"1514",100.01,91.2276724804055
"2732",227.5,197.950948909021
"3177",152.5,170.852932844309
"592",100.63,126.797237913595
"875",165,172.793544721231
"2749",124.49,128.339877918702
"1655",105,117.403163830659
"2960",116.65,146.816396504549
"2993",135.02,189.019569480281
"2174",102.5,128.090831220791
"3107",100,105.133784241964
"2582",155,178.03350130708
"524",108.73,155.686527557627
"797",145,149.8380403315
"268",313.85,277.563849089456
"594",137.97,159.965898789333
"2755",110,126.307934444578
"835",137.49,80.1877338739747
"2046",791.87,736.194792220427
"2213",248.71,304.532955197064
"297",104.12,93.0884729699155
"675",112.5,146.753810902128
"2959",132.5,234.375165234213
"285",113.77,140.862619370366
"332",118.31,107.750797848446
"2786",130.04,156.515866053103
"2770",167,199.150808971942
"3156",107.5,123.661910306353
"2542",125.48,140.623694803342
"1618",155,116.775653114583
"1110",102.5,94.2523206868626
"1262",235,192.644537346919
"3047",137.5,143.385757779355
"232",103.87,89.2210351862073
"951",150.53,177.834679602041
"3079",152.49,170.644252718007
"888",133.45,184.209799913116
"2327",207.5,179.763835534493
"602",397.5,247.319870220802
"1393",107.51,127.647424270694
"772",101.25,102.002934678105
"537",102.5,129.904660589423
"2656",177.51,139.450967138294
"899",140.02,155.061074398527
"1336",115,106.314053441003
"3175",287.48,192.184361078798
"1527",458.41,491.115621422671
"1797",159.99,185.824242311895
"1662",176.9,189.365985770974
"897",212.93,247.031672951713
"2482",191.25,242.468388378419
"1744",110,105.453880025425
"843",121.15,183.676446370149
"1080",175,131.112878710819
"447",133.55,153.15735225321
"2398",100,141.132241303912
"2649",219.99,156.868430366468
"1566",193.76,226.801871863182
"916",245.73,230.549289530573
"3121",135,115.975628018298
"3154",392.4,421.209593412764
"1700",101,168.723054938977
"2885",160,162.235937867446
"1351",155.02,178.67202994104
"276",148.38,140.35077041335
"2781",192.52,220.300957954123
"784",157.25,161.066541568952
"1617",128.5,165.685638831432
"2025",172.5,147.107840856254
"458",167.93,203.825050067378
"2396",103.75,109.918547687165
"1959",105.01,144.498777102386
"2101",220,180.377054504758
"407",315,262.122666296058
"989",150.48,141.863879201734
"1859",175,118.119171419985
"2999",164.9,182.586720980916
"965",174.5,149.24392200944
"664",100,90.9257136726129
"2896",105,103.548654510993
"2775",282.95,207.944909852086
"2452",152.5,125.43275804432
"2235",125,132.687670004079
"2058",186.25,198.792220654572
"427",115,129.126840688843
"344",134.21,128.738438042265
"2680",226.37,213.03060259309
"1199",108.97,142.50204870313
"1275",100,120.633661965335
"454",107.5,118.74418939338
"1606",102.5,66.7586922482329
"744",125,153.305686265346
"632",197.54,194.709906446628
"1896",107.99,103.559121121875
"776",147.5,101.612634652475
"2221",280,162.360792123921
"258",117.16,156.169899311167
"2251",115,125.729284209595
"1170",171.5,127.9551495921
"2069",187.5,158.560468010206
"1812",211.12,188.031556497675
"1216",124.5,127.76170089476
"1714",102.5,95.9745315047806
"3136",105,115.618336182998
"2820",147.7,213.46580264909
"1925",100,94.2735618062406
"2973",157.25,182.564847933911
"2740",179.99,129.444347042792
"840",130,131.662492772284
"1875",120,121.669669119253
"2870",110,116.49642375708
"316",222.87,223.790169676466
"3130",332.09,359.220829111277
"1847",140,146.218469421487
"3166",356.96,140.73488014496
"2270",123,184.458952635586
"2642",105,104.292401388962
"192",132.7,145.968415223899
"3090",121.13,166.691181454121
"1906",158.5,178.597033527402
"237",112.62,225.275845315577
"2695",122.5,141.708714585279
"3172",110.01,125.752133815902
"3192",107.5,89.0163114128091
"1861",137.5,58.7784954045643
"2133",205.49,194.371897378581
"958",150,116.283147766491
"993",175.01,174.451715199299
"778",120,171.490482210684
"217",115.64,147.729277803712
"2761",120,141.149631925809
"482",110.01,176.308828046371
"1449",105,111.289191598154
"1362",174.99,127.285763439664
"3142",105,108.168689861933
"2933",166,171.494884836018
"1255",117.52,169.879498623721
"223",106.43,145.205401945366
"2954",225,181.4319085959
"1067",170,197.897204566049
"1984",176.84,230.033942474805
"463",439.57,368.480176611245
"1225",137.19,161.970636203375
"2074",125.48,147.134563267952
"169",167.81,199.406493042881
"2193",110.02,146.568504041007
"810",172.5,180.587873251427
"981",269.95,304.98387415487
"839",152.41,205.434613379364
"2883",112.5,119.479130118179
"2796",118.41,139.693155213862
"1823",501.72,423.266878213682
"2424",129.99,48.9649417108987
"69",115.57,154.175173638673
"3031",515.64,520.026900729929
"812",137.5,101.012241079604
"2516",289.99,189.130056033013
"1842",115,127.72692097055
"1197",161.2,244.826868009787
"2185",140,115.768350218677
"106",139.66,173.757843095258
"1977",127.5,109.921883609203
"933",229.24,226.101722581211
"2216",117.45,161.915448129271
"1431",181.39,227.460910390882
"734",102.5,73.0265660424359
"2138",127.5,125.489431826048
"245",129.55,121.964059172658
"2220",140,117.353905890654
"739",132.95,176.899763602158
"2008",102.5,92.1183081198927
"2569",108.27,157.592912007201
"2706",195,170.805038313254
"2275",112.5,117.146255693379
"2135",110,101.483086190912
"1025",170.75,144.467798977703
"872",315.5,292.673734266016
"545",305.89,229.731830117806
"1513",102.5,107.880935042651
"2359",122.5,114.855921521761
"3014",130,106.822879253373
"1558",197.48,108.914965902392
"1767",152.5,112.727392447687
"1406",161.91,208.609759377402
"1352",100,67.3871463771301
"43",260.9,279.807926160889
"127",111.11,105.217653493815
"2461",160,131.761725031631
"3118",117.5,105.887493554911
"533",172.5,138.576203005486
"1720",120,123.315133530985
"1729",115,139.057850098026
"1045",195,194.140299947458
"2147",101.25,129.682514053205
"1445",263.75,212.938814944267
"2337",131.6,154.030132326849
"1461",117.5,95.4221637922638
"2391",152.5,118.170367077833
"1550",123,169.047687052651
"1117",105,119.925415678442
"2503",270,194.867762911297
"1868",158.97,148.786838855717
"1089",150,144.365042386142
"49",102.5,121.392788638906
"1492",120.26,195.49207329996
"1289",144.98,180.541388400523
"2311",137.49,62.3557109258871
"2137",112.51,116.372082452934
"2244",134.94,178.878384497755
"967",202.5,149.342030472181
"2295",115,130.834687087546
"398",100,117.67083265639
"740",107.5,112.20562576244
"1749",109.98,157.659713773831
"2562",227.76,300.561065036391
"3122",130.65,152.327476755353
"1380",150,192.984921400462
"2921",152.25,143.384650828519
"2536",102.5,116.75428923596
"315",139.68,121.693412062987
"2802",105.48,124.481161932802
"2303",195,158.111374248969
"1329",533.75,323.689203392379
"882",170.25,160.090047084159
"2336",101.32,142.528058850487
"84",142.12,198.15601976927
"619",185,149.271103040655
"1791",100,84.6805473229979
"589",119.47,123.046735144702
"830",135,148.334006270157
"2746",120.65,173.589171282324
"2087",180,159.381043668793
"381",139.12,155.826284483699
"2141",117.5,154.09375958435
"861",142.15,157.880434962914
"3103",134.76,197.079702447233
"1637",172.5,136.820628999837
"252",124.15,150.787220322863
"58",129.99,47.0802189172562
"2578",169,175.218528709035
"1516",166.77,346.841111762799
"3035",105,98.8508601699511
"2313",241.73,203.80107011367
"1957",268.23,253.951822295967
"2538",103.25,100.227109969681
"115",160.48,140.956809889479
"2339",135,115.24072386253
"2240",138.77,192.289995651777
"2006",122.5,113.855540486951
"2881",169.99,138.158928349028
"109",147.37,161.52054071302
"942",210,288.601100172189
"708",190,139.145044784555
"2196",105.01,113.915222782978
"936",240,143.671338154815
"3193",100,135.359535751102
"2920",177.16,234.734425211428
"2178",103,120.063022889884
"1181",130.75,117.205569286959
"1880",150,181.298553679078
"269",104.19,118.49693814702
"567",124.98,94.0203241363891
"2455",178.74,220.731852601491
"1935",172.5,180.550703873243
"2106",171.46,203.940992469208
"1074",218.5,180.206683170997
"1526",145.5,184.473410969026
"2052",117.5,93.281334938268
"2281",102.5,140.191732499433
"2705",195.48,155.042398890079
"2615",117.5,103.297241277489
"1605",117.04,175.83503305786
"1912",142.53,203.809245608304
"2931",100,95.2249309189524
"770",184.3,149.099377973099
"1574",100,94.887454718079
"1927",127.65,169.926384556398
"2346",207.5,139.098127442532
"1217",117.5,105.584564548978
"3198",222.96,191.225504895386
"1883",173,199.310139915873
"2190",132.31,147.323248980357
"2322",142.5,109.283276400436
"144",129.17,149.368742704925
"1283",184.98,112.765168972996
"894",102.5,100.029594376698
"2156",194.99,225.79023938075
"2055",217.5,218.948300862556
"3148",253.7,222.692670843529
"1815",136.26,197.52327390979
"599",110,129.949236925196
"191",231.79,144.367010211717
"2914",224.99,187.962803368701
"400",116.8,131.477599547022
"1645",105,142.871626990628
"3094",148.75,159.594847296233
"2842",242.5,161.045865898487
"1324",107.5,94.7647716945797
"2621",139.96,160.834359402599
"718",110.48,171.136044112068
"1066",132.5,103.570869483461
"1489",770.95,551.706137806155
"2044",125,118.771175506173
"512",132.98,137.662893454444
"1163",157.5,142.297273046045
"1134",150,203.99648661239
"1856",156.25,155.339113537674
"1807",187.19,189.407370694218
"2763",124.47,113.027712467351
"2588",147.76,192.467079746689
"2406",100,126.402758552862
"1390",197.99,220.958473340778
"1318",125,86.7856299034774
"431",109.96,133.949147005188
"3147",100,112.102231733858
"640",127,113.873784210007
"2686",232.49,226.156823509764
"1599",242.5,255.34706855367
"3124",177.5,181.944255347301
"353",112.48,109.333640694629
"714",110.01,122.477597916235
"1466",157.5,136.284406378656
"415",200,161.031246703392
"242",174.1,151.838377017852
"1077",196.21,229.567150326863
"893",131.26,130.179474670813
"2906",418.6,424.792383137411
"653",139.93,179.873755005177
"2941",137.51,167.74622348845
"2162",215,181.555946500848
"2687",117.5,94.7931699555918
"1582",225,180.621849973932
"2932",323.15,324.128314425061
"2584",275.25,263.171287054773
"465",212.53,305.771291270281
"1073",177.46,212.925398833111
"1577",328.43,277.835059418034
"1302",217.5,199.722935577425
"1648",134.99,173.96560396044
"1821",102.29,121.070396496851
"1215",170,162.368753468477
"959",120,145.464699264541
"18",181.71,193.533365786527
"10",112.62,168.112676263972
"2479",126.2,163.69534608481
"2575",110.49,106.950410579667
"1043",224.25,168.955278970728
"1787",139.79,182.546270320094
"2722",144.93,104.689846194003
"2168",180,152.249579892095
"1511",143.47,151.902583055736
"1879",125,88.8031145954734
"2104",155,155.092654337503
"2945",247.25,236.001282306659
"1968",149.99,57.452728605611
"57",139.48,159.703521579339
"2845",385.38,323.730121303909
"2486",108.5,150.454404707124
"1604",247.99,239.596020776127
"2290",117.5,122.881300001976
"2751",163,137.141040142008
"782",157.5,169.304676308275
"1989",220.5,199.926426384174
"2445",102.5,73.7723404545717
"2822",250,235.575830654037
"3",135.01,179.396885104981
"2450",310.92,275.835363495045
"367",157.64,127.928000484816
"122",196.52,254.337804982751
"3162",222.49,138.480977533044
"793",185.53,198.911337440217
"1301",240,276.536101556848
"1960",116.91,148.944026012777
"2925",290.85,270.32880077238
"1711",143.5,187.786380980152
"2334",120.75,135.971201237553
"684",125.5,110.224748635871
"614",142.5,140.194346531227
"392",165.48,171.818544334723
"176",176.27,153.320017597528
"1369",216.93,270.711643141821
"1203",112.5,147.288483091911
"1213",257.49,190.467332123237
"2179",145.39,185.325089152755
"90",108.08,99.0422639021557
"500",361.21,296.426046408498
"1259",210.97,204.197634591296
"579",107.5,146.788869582423
"1409",100.63,121.860318586763
"2984",209.99,196.601807630252
"2685",185.01,190.252124666614
"2679",377.84,274.290366410932
"356",116.26,144.051714124317
"1007",254,180.615161946899
"1668",192.5,214.788213733752
"1595",247.5,266.565531690235
"2753",267.46,178.844920024214
"1983",284.26,301.438620218615
"2497",187.98,222.467046944221
"2481",116.89,128.257159567251
"312",242.12,281.133206581691
"611",120.79,196.972390599947
"807",170.5,172.495224118933
"991",152.5,126.089492464313
"1545",130,109.592013662577
"1965",112.55,139.343155331988
"629",149.99,120.875478809408
"1990",120,159.738514738997
"38",127.5,112.102868058999
"1588",122.5,156.91647949602
"1969",109.57,175.51246442625
"1119",420,269.160131624921
"493",137.5,153.873240074373
"46",182.5,166.212509508013
"686",124.95,170.252888690711
"2215",105.49,117.718691409117
"2259",120,134.381280307505
"3207",120,120.265268534004
"531",183.44,220.303697603071
"2963",163.46,176.480764865116
"2572",422.5,291.665365281797
"985",199.87,203.020404986528
"251",103.26,95.108444473484
"677",145,104.066477217694
"2659",120,125.278766485477
"625",110,121.1597854345
"2530",225,172.830972979187
"881",173.14,140.136653592955
"3112",213.5,195.186372211628
"114",322.2,204.587596557604
"633",277.5,221.196346854839
"2329",111.5,150.355697030421
"1174",155,143.03377985681
"1148",105,92.3452148598202
"3025",172.5,200.949821666628
"3075",179.99,127.649266992956
"119",171.77,191.449368856717
"1667",140,149.568731196526
"871",238.23,246.309284532097
"2119",200,155.58641025822
"1857",182.51,183.341865416434
"334",104.62,116.657183745675
"706",179.94,146.74246956821
"2912",402.42,220.661601821344
"3144",276.79,216.990126082943
"1343",140,176.087211257703
"1646",392.78,357.208286769771
"3078",100,77.4539745861515
"3021",271.58,234.000271182013
"2365",305.01,275.002266611931
"1773",227.51,222.71071617807
"181",113.71,90.2195875135324
"1076",202.44,195.664646902584
"128",156.33,110.270039247083
"809",184.5,152.367277079198
"3053",159.99,152.477916467726
"2492",116.75,118.503678790502
"1836",132.5,110.812645142493
"1101",203.7,197.145460408451
"1713",100.04,143.404468274191
"1583",140.03,134.963536727605
"2517",112.51,98.2071720930362
"2982",116.25,131.341323881806
"1559",185.02,246.390049009766
"2713",150,119.2840367877
"231",107.66,98.7799992608528
"2280",102.5,108.559004569545
"2784",260,253.356627956631
"1451",132.5,189.75140824318
"284",100.21,142.576190451469
"2498",107.5,84.2885663857945
"622",107.51,126.9190101674
"2877",287.32,312.284213754797
"22",199.93,178.666144936271
"558",207.5,198.625186096226
"307",113.95,113.197978574797
"2950",246.6,164.011890535521
"2376",147.47,164.999805794729
"2338",112.5,91.0066228749884
"1685",110,108.363197599779
"1188",175,138.979399474431
"1027",164.97,111.889259089706
"2233",107.97,153.08415559549
"283",148.06,131.221947202492
"177",131.06,177.646552591407
"3128",200.92,292.142991258671
"3115",148.76,170.371379829376
"100",143.6,124.37775968899
"1520",142.5,179.232962013702
"1100",177.97,129.06664515962
"2556",193.23,148.497976127397
"635",142.5,141.508683582009
"369",138.56,175.670632716835
"3151",190.02,236.617827840913
"1189",145,107.597145801798
"2551",102.51,161.83777912334
"3195",115,168.414753266987
"397",102.51,150.291387908126
"1781",114.98,162.597956602098
"1232",105,117.219354769059
"2011",100,108.595992119384
"1573",273.14,192.650427473222
"31",100,101.366437379414
"2768",154.05,209.304529341949
"2079",142.5,124.488179156574
"1473",217.5,170.469973701355
"250",162.51,202.810645124911
"2145",123.7,208.92015284407
"1572",127.5,121.579447816665
"346",179.63,173.345142319771
"1733",122.49,132.950303137183
"2191",192.5,165.201492512063
"978",472,350.885107681868
"692",427.51,456.131238248507
"603",267.5,225.167792522216
"518",205,192.634658531031
"2893",115,136.830198537728
"2957",185.48,205.092584891964
"1552",122.5,133.475423581184
"1266",146,171.977781914798
"2484",122.5,133.230786041017
"1757",177.5,140.083219670778
"47",281.25,215.368477833078
"2408",105,121.265501652974
"118",104.24,119.408532366735
"1844",112.5,110.737325754679
"2710",185,157.631860660431
"1253",112.5,102.776883151556
"1967",105.01,136.323159102023
"1346",245,190.380462372315
"1541",129.97,137.449607312122
"1179",145,155.720125303806
"2314",380.08,365.440758776854
"2080",146.5,175.872968270215
"1888",134.38,167.635750046201
"165",107.49,136.090017106793
"9",164.96,198.546366932655
"120",100.13,124.378752881768
"1991",177.49,130.250744063129
"2591",102.52,122.852802237025
"721",100,98.1600731745233
"2202",110,132.562915135438
"1356",119.69,168.06859344488
"1218",190,139.215002718981
"880",115.49,143.052724350783
"732",107.5,139.017685988162
"1851",175,142.78544183736
"96",124.41,111.014857858086
"832",128.51,152.792120644735
"3104",105,140.355473616019
"2440",120,166.447453382894
"1564",152.5,132.958058724203
"795",145,110.527348506773
"2316",212.49,139.751049936205
"314",101.67,84.6881275132055
"1790",213.7,235.024484597437
"2022",145,118.898761767684
"2501",319.03,369.927623318728
"1755",122.51,177.729145113159
"1358",404.95,364.737406223478
"2754",419.84,425.834891071973
"361",130.23,98.3060112812211
"1196",142.5,144.489687020835
"2714",118.56,132.700811099089
"1976",235,226.740748958166
"54",102.5,89.4427113476061
"2420",103.5,123.351751923658
"2862",132.5,118.332065221165
"883",187.5,142.597345604398
"3028",187.51,253.636303262756
"211",135.57,162.532646891182
"2468",100,129.000608834575
"918",160.01,140.664231763111
"774",105,94.0972444762777
"939",253.75,228.036425059178
"2892",187.5,148.199018445594
"2282",119.99,136.794193762193
"352",380.34,264.637818348193
"2160",195,245.705493150039
"2348",157.51,145.828894451325
"2727",377.5,334.179846399379
"2170",132.5,123.056722155805
"1455",214.5,206.042276925895
"138",179.93,197.926422312492
"3209",137.5,158.179294057344
"2494",185.46,191.222645027905
"1143",109.99,108.61839085395
"1011",105,146.222899454693
"1401",129.01,114.221961172082
"2616",100,107.618077058162
"2039",313.09,318.604601351083
"1278",107.98,128.09458993225
"1230",107.36,162.650402224676
"262",164.47,135.974143777425
"1708",372.99,245.865504127383
"1072",125.48,167.189345267388
"1751",172.25,155.912237117456
"104",111.47,121.625423427944
"1834",127.51,137.197346186839
"2321",100,79.3972709201188
"2405",114.96,128.273854474248
"1437",339.99,315.060630790727
"2118",108.45,165.207081397762
"16",117.5,79.3775129738687
"785",200,211.146742322982
"935",150.01,145.736004511525
"1021",112.5,87.5841440888295
"1586",210,150.628702422339
"2049",107.5,124.034175897257
"1396",187.49,177.410252697016
"2665",201.51,217.764955117134
"2356",287.15,251.028993935578
"2360",107.5,126.923034053187
"341",143.05,134.441820635476
"2887",126.35,173.872135457427
"962",217.49,167.833338312626
"194",124.16,125.686622969175
"2953",189,158.317603103609
"1269",115,113.086320532434
"887",224.9,243.533955287213
"2308",147.46,94.707536476291
"1837",120.01,149.976241462103
"1421",142.98,127.815547498013
"3002",156,186.656944095527
"1569",145,193.054802720262
"241",140.88,138.472454838066
"605",216.25,186.982831514353
"2319",110,104.58220989227
"354",143.05,184.193902852793
"2555",197.47,161.18630900399
"3016",102.5,85.2089106257141
"3205",132.5,160.810119735387
"1705",146.28,159.823170698099
"651",125,129.843264717297
"3159",579.15,403.418331565075
"970",107.5,130.385422857935
"1017",137.5,139.691002197039
"750",173.48,193.704311245744
"2762",160,126.039444734544
"1114",590.03,564.762122550297
"2650",162.5,143.334796280738
"2944",176.99,223.440328304178
"1228",155,121.879405108614
"2655",187.49,111.215593804103
"2354",262.97,265.598680734429
"612",124.92,188.085608346013
"1010",241.88,212.877547458833
"1735",244.46,200.683566824268
"1281",100.64,103.070080931644
"863",250.99,310.975574836919
"2385",211.99,174.018528151855
"696",103.25,129.412446974196
"1270",105,118.168564580324
"994",167.5,149.430850344576
"587",137.5,164.727961056444
"1211",113.01,181.336754452157
"504",184.97,148.634277267238
"1184",307.46,278.873248816089
"2586",112.5,106.554936430202
"2366",160.1,76.5564951726037
"1353",110,113.036619964176
"3054",130.01,131.104185877311
"325",168.38,167.27421107571
"2734",122.5,120.576375720894
"927",106.63,112.082018920355
"972",189.93,230.298825456978
"1808",752.25,645.44102446121
"1561",115,102.697070253335
"2432",117.48,140.769363877528
"3099",115,119.553379501227
"525",300,282.515619703539
"2300",187.5,177.697544964841
"847",142.5,136.71391222362
"29",152.51,170.213341216187
"2726",140.49,171.975386914807
"2328",164.96,198.284484986193
"1531",187.5,212.629040176442
"1785",150,164.126171213313
"1924",110,108.924580657895
"2531",110.49,154.999917102402
"2677",145,126.715687617773
"596",217.5,261.652199757561
"1420",110.49,170.97336950296
"2823",120,115.767477977572
"621",111.01,126.097909292421
"1539",100.5,151.556481986554
"2284",105,141.777912679204
"372",112.08,120.919981922349
"658",111.05,164.014259591655
"794",211.51,219.362769531524
"167",132.73,145.756151613896
"1529",255,221.433361147524
"2577",242.5,202.466374282687
"3173",145,154.616297358983
"2086",188.66,203.080162596034
"2454",166.45,216.894472907044
"1687",134.75,125.153040623014
"2546",102.29,146.984165145019
"1877",155,146.011829315016
"1710",112.5,86.3867689421127
"1367",122.99,128.423018917254
"2390",140,121.148749390691
"2448",152.5,129.495889649519
"64",102.5,147.554180686061
"895",157.5,128.89722327089
"758",248.3,186.739673008977
"836",119.97,164.04368082668
"366",182.08,132.996175250072
"680",250,264.269856356803
"2291",203,184.155768134219
"2977",132.5,113.824729749063
"578",132.5,119.985325096168
"246",135.55,191.561379479969
"63",181.5,201.546101758196
"1712",229.98,230.710649914527
"1018",157.46,149.918497538815
"1709",154.25,181.079868392992
"168",291.08,222.329228869838
"2668",459.96,415.259224168173
"274",108.65,141.090174625789
"1563",137.5,97.7932898685537
"1601",139.98,91.5439312084677
"2098",265,140.006239858906
"1320",521.04,425.442158507311
"610",105.93,173.50943144473
"422",117.5,142.64433210017
"1690",199.99,147.2291619112
"1535",152.5,174.319704224106
"3202",117.26,104.417274341745
"1568",135.02,144.578963724259
"1825",102.5,99.1900115057873
"2824",137.5,134.132467227129
"2449",117.53,103.764184666276
"1971",210,168.95616408671
"1998",180,187.743022228721
"1388",248.72,300.423412576051
"152",112.89,117.229123214532
"1734",105,99.4243722374977
"1006",180,177.887865576368
"821",148.75,106.369330651711
"627",100,105.163279471602
"2532",260,174.004716118956
"3084",105,99.3821143220618
"1962",102.49,141.55948685617
"554",145,137.185813084911
"2341",128.25,201.418879677112
"423",137.5,131.924591281569
"3153",206.82,228.27336202721
"3105",135.01,164.064499083364
"654",326.63,282.877449735537
"2911",105,138.144972391158
"121",123.06,92.4465702504335
"1940",150,172.57430231944
"2596",105,90.7891704376096
"2363",190.03,155.38337451522
"1175",237.99,208.179340470991
"1124",109.5,114.999048146235
"1704",122.5,95.8744081082177
"2639",174,199.714829576065
"2304",288.14,302.837121999226
"1497",170,179.787084841229
"2478",110,128.733618885599
"2956",102.5,117.860952334335
"597",125.49,124.398281324491
"3131",122.75,161.537898120689
"538",140.47,242.611242915356
"1721",132.5,160.753067518244
"2505",313.97,314.006996035753
"151",159.69,138.71462017924
"2102",195,133.504397130428
"449",107.5,103.568439761429
"838",126.25,119.823086747624
"2836",135.02,127.482028387234
"1296",178.66,232.138227877166
"2412",135,110.619398964197
"287",121.53,136.185941287771
"1884",167.5,154.25344553592
"1233",205,161.121431722031
"1542",187.52,192.776689171078
"1890",100,109.323766730057
"1087",112.46,132.578408655323
"765",121.5,167.458512100558
"136",101.85,123.753118062195
"2318",107.53,155.009507919984
"3191",205.97,207.383237460952
"2522",172.5,177.998606447153
"771",282.62,299.498042956218
"2728",130.4,172.56383125235
"941",175,141.082566927507
"495",170,124.0419026659
"243",114.99,122.256392561095
"149",120.47,130.756014797459
"1412",135.21,135.103553333452
"586",150.59,147.133846536099
"305",150.88,120.472911709932
"2272",237.46,236.390323418569
"2064",137.5,101.20049389242
"819",102.5,113.821028602184
"1322",114.99,128.850548460381
"3109",160,126.939171593959
"2540",128.14,97.846449760017
"1115",169.99,197.075144415678
"1464",172.12,172.577691041853
"3040",234.94,192.668097501028
"3029",304.98,199.593612337118
"2630",160,110.702071368871
"6",150,167.532244544823
"2475",205.93,174.561644839737
"1377",142.49,174.123873087637
"2277",107.5,123.974194730049
"1620",117.5,154.885877747051
"2116",145,157.183820609702
"2769",112.5,146.52790226914
"2285",100,124.883418756727
"2247",144.84,211.501379338832
"1201",232.5,232.391144525398
"2413",102.5,131.074261253106
"1121",147.96,167.089779682109
"907",179.24,194.636210334339
"2431",139.98,170.169998157207
"53",149.99,78.8761444581519
"394",125,150.487525816413
"1774",129.88,156.100465579211
"221",104.34,112.345914343225
"1948",120,197.884239226112
"775",146.22,137.134953101799
"3071",357.96,349.910123505606
"1782",101,123.787783335876
"982",152.5,162.305750849943
"1441",277.45,168.996212225648
"976",132.5,104.407878037953
"1982",598.47,522.617178008715
"130",149.1,188.185210620413
"3020",219.85,236.052955963853
"2798",135,117.39872896494
"1085",242.98,192.709916004508
"833",220.88,189.807288687293
"1996",125,115.73423403484
"511",142.5,164.144323080118
"1014",232.49,264.74282803074
"2985",308.27,133.13286082035
"1623",167.48,215.290946861209
"2813",185,124.280967562979
"1598",130.03,177.984381961111
"395",105,129.718428932874
"2059",189.93,163.184404390511
"2260",117.51,129.848666004906
"1038",181.25,220.104452153859
"222",202.45,169.408212551337
"1760",404.58,337.782757418311
"1895",257.5,223.428217155647
"81",114.45,138.299458219843
"979",252.99,184.16104435326
"2065",120,124.879117945647
"1702",210,220.692069952421
"1052",174.91,245.846940427619
"2379",192.5,150.049652527017
"2843",115.16,143.127173166956
"643",140.51,124.457271516151
"1164",170,142.666063628762
"494",208.72,197.703973217281
"86",258.48,186.728842972945
"2537",102.52,139.370627609671
"2100",117.5,113.279945208004
"2289",137.5,126.136169908149
"2458",150.24,189.68109213315
"155",103.04,133.236924232272
"634",142.5,145.915460929031
"2243",100,76.8017231040948
"2212",202.5,171.764640109002
"1575",105.01,118.080254007902
"549",105.01,123.036630024268
"2018",130.76,126.90110582253
"83",145.09,129.677224900983
"374",130,129.604516817902
"2983",115.98,108.246175802945
"2776",105,103.675134776664
"1000",142.5,119.631118463853
"3076",102.47,98.3539450811397
"2470",112.51,148.773307294327
"282",120.59,80.9164615184119
"1693",107.5,143.238388644458
"162",108.47,108.156545209666
"478",132.5,90.0941954012517
"3039",100,114.404523665322
"1127",187.49,89.1064616783854
"485",222.5,216.669335616732
"2839",102.51,110.871684945787
"62",414.15,259.784753799422
"2812",111.25,125.493377837075
"2635",277.53,184.077233320675
"2382",102.48,107.518354985561
"2521",172.5,142.787697188425
"3141",105,116.639353477014
"171",134.89,189.26917742499
"2301",212.5,235.602086260172
"2539",195,167.105982118123
"2681",100.01,88.9986985760579
"879",105,98.0021543311789
"1097",167.5,133.915033219973
"1689",150,151.947064543686
"2500",302.5,271.515811407969
"2463",135.02,148.557592309055
"1204",245.6,180.777053273399
"601",189.88,179.714029749479
"757",100,112.353596731738
"390",125.96,140.622738783829
"2541",150,119.473029681008
"2737",162.48,146.142403462049
"1457",257.51,247.838343678099
"3190",188.91,220.941743834878
"2417",198.09,155.341652384606
"1415",160,151.95603957021
"1056",187.5,220.847927994509
"3050",137.5,95.1790038782505
"2566",262.99,234.001597057888
"2778",195.75,221.618132011087
"2189",152.5,148.508964794831
"1929",145,188.568547086642
"3044",137.5,117.365901792487
"710",120,116.47487453297
"581",175,171.732957478161
"1475",235.48,176.892161839745
"1403",130,100.394484628839
"2890",218.21,186.941712123094
"2548",224.98,199.518574889536
"1939",112.51,98.4848470365406
"928",117.5,104.292968082121
"3108",156.33,160.723950078873
"2279",120,103.996438487988
"1389",100,137.37833390138
"1057",395,265.759624436574
"140",156.67,150.371585806872
"260",147.19,151.556642009641
"2386",100,82.3261729811671
"2923",162.5,140.52287734249
"387",152.5,141.167161827025
"695",229.99,145.819033321094
"2745",174.97,209.43445545174
"450",102.51,131.413419148836
"2791",117.5,126.104891985927
"204",124.33,100.327536819809
"1913",236.9,204.169818616765
"2936",112.5,128.37646276046
"1037",120,175.018147941935
"65",130.44,171.979576736626
"1523",155,179.074909984791
"638",248.9,328.049957545476
"1730",247.5,213.035818332955
"674",205.01,233.688802713861
"1839",132.5,161.363254553126
"725",115,126.364861322713
"921",140,117.800695760698
"924",184,185.193474109181
"2902",106.25,93.8194508006585
"1206",189.03,246.739134910509
"964",294.79,374.075145934831
"2797",201.22,211.402607929953
"1092",196.26,219.400989109705
"1159",188.67,192.46124193848
"822",140,145.717720001085
"320",101.12,159.478242776212
"1340",240.03,248.872837628978
"1400",105,83.8529174514507
"1579",140,118.805901110407
"2579",210,141.571893633292
"565",267.87,274.918745218942
"853",102.5,120.665004874643
"2617",112.5,114.04417014711
"2278",156.99,181.461911468025
"1221",157.5,120.66980479908
"2640",110,116.219494015638
"543",193.74,159.4486006163
"2180",132.5,120.824516180125
"999",137.98,90.8969071688189
"2592",277.5,224.255314578994
"3059",252.49,227.662844672139
"2299",122.48,109.240651457587
"244",375.2,281.323059958001
"2760",269.21,318.95803932814
"1941",177.49,127.598940668055
"2612",399.01,458.400664035631
"365",184.62,181.653887268583
"2867",115,77.1650949801653
"452",125.83,159.159782160341
"905",100,107.765969803231
"1200",132.5,149.914170394401
"2918",100.48,136.153722551377
"1546",156.75,202.539377942489
"806",117.5,102.826019549415
"2986",114.98,141.436040947634
"552",142.39,94.5778106451444
"1848",167.5,141.846900252884
"3048",100,115.801229882674
"2024",103.58,167.084892894715
"330",161.82,166.458942801432
"624",180,185.237919481203
"339",102.72,119.100187646616
"745",105,113.890660182664
"1950",477.65,436.880992188184
"2103",231,177.994899854453
"2485",220.96,250.316559653876
"2421",312.5,277.5738051095
"1746",212.5,172.821994910634
"35",159.97,176.878815821889
"1963",192.64,230.576261797738
"848",195,137.244144012406
"2997",130,120.372475619578
"1613",172.5,149.244035339355
"139",222.1,209.749146063828
"1827",100,102.879201068395
"2750",148.77,158.957871681044
"393",135,140.487478914207
"1585",110,129.146040189311
"111",102.48,91.5412603555635
"428",133.89,168.828384659325
"2528",162.5,134.238957859494
"2752",688.23,429.139494903169
"792",115,121.998618934856
"1833",217.46,225.232846353151
"2245",137.55,203.187929516497
"3043",137.5,173.287042052613
"1202",230.02,238.162229015734
"2989",170,170.543670896497
"97",101.24,148.110940095251
"430",203.22,237.513308366602
"2110",135.21,232.164073371734
"418",130.48,181.09604299851
"112",135.71,130.848196986437
"898",270,235.34195262257
"2035",573.39,512.002522360681
"1945",106.15,144.007560509952
"987",107.5,92.7259415611588
"2765",184.93,248.155901485647
"156",207.86,212.268025009106
"3022",180,138.585505337629
"1300",105,120.793479956371
"1658",180,156.334174129539
"1104",184.99,169.220304467046
"290",128,163.496351003195
"2589",228.11,194.509295184338
"1310",170,181.209326042768
"1058",145,166.589606085848
"560",175.89,186.302328222904
"1385",168.66,205.530213632011
"2966",667.31,720.759286676326
"2159",192.98,144.83841251087
"1988",327.42,396.55206137969
"743",217,234.135997909063
"1666",100,95.1623760739747
"826",142,147.398281764018
"178",111.03,82.1409980073693
"2606",206.11,236.899648651553
"2916",342.5,364.976229239073
"2437",108,105.528289500325
"2741",217.5,220.846512200945
"1548",116.25,123.808120150845
"535",126.5,116.734485317028
"1418",121,120.338703854389
"1422",156.45,186.702037793969
"2371",197.5,140.927760817975
"2061",184.95,203.257294227378
"1145",117.5,137.204631748367
"2620",145,144.521593057454
"2549",105.04,134.737009769572
"914",222.5,207.225547972924
"264",153.28,172.740971515775
"1084",231.04,271.409529538791
"75",195.3,153.482641146338
"2312",217.5,186.454371934782
"3127",189.99,138.535872682079
"1330",110,72.3006005023146
"1819",177.74,221.538215779555
"780",136.5,172.514426506049
"1854",130,139.176425445894
"3083",245.03,219.368654642439
"2204",112.5,108.595325791078
"1294",220,179.990498216521
"1254",237.5,249.300760521963
"205",315.16,237.55307493443
"1918",195,138.458433880607
"1872",185,160.697569757654
"2197",121.75,156.567711476095
"2183",203.47,286.376580972788
"1468",237.5,206.540506307664
"208",136.78,162.417341456671
"1678",170,174.887303105966
"1308",156.3,213.331991231957
"1417",205,178.936486566598
"2811",165,109.268941558871
"2422",278.72,251.3673939199
"1507",140,144.209282261239
"2400",125.53,171.375182251851
"240",100.68,119.686109407119
"2287",302.5,293.549446787584
"1846",148.97,153.871180835226
"2292",100.94,166.297747810058
"2525",150.02,137.398180436502
"3101",118.5,136.14343697417
"2972",127.5,139.131467093143
"801",100,76.6222854596873
"1258",209.99,205.508668614451
"815",212.5,199.79089102133
"3183",240,135.147673552172
"1465",155,141.006620431583
"1433",165,196.431376654663
"1317",637.5,589.143953131013
"2219",127.97,156.286945541548
"2703",107.49,122.578354110749
"1405",151.26,167.676692501658
"2648",110,109.34436965069
"2610",117.5,134.324232340707
"1287",100,86.0267894895062
"723",116.91,162.493471044796
"1002",128.5,112.262777321734
"1429",144.49,133.318584537254
"1881",412.49,279.885801752449
"20",182.36,162.028907963617
"2009",122.85,144.97268609532
"3186",300,247.868935593632
"540",132.49,169.828146197292
"3092",123.74,100.49021222441
"2194",110,109.193329892536
"1824",170,89.7491154289341
"1106",110,101.217713340049
"749",115,118.696620969377
"1911",140.98,138.683273994535
"1688",175,198.533172550873
"779",105,102.808465563936
"2014",132.5,133.820210739728
"3057",366.79,240.396982131426
"949",119.99,105.480642567194
"996",110,138.973213934678
"2666",165.92,240.415247845467
"2428",137.53,215.929433886536
"1015",110,101.820069285985
"769",132.37,120.927358427941
"1916",182.52,212.343089303702
"1887",103.66,98.8749692250896
"378",102.5,130.35542568886
"713",145,166.494633363431
"712",132.5,166.369254222263
"36",102.53,125.287990412827
"644",219.95,153.846311179035
"715",185,154.156041530203
"324",135.99,95.6576815168895
"2826",102.49,147.089938517341
"23",172.5,181.808739749929
"1234",180.9,203.931916482975
"730",115,105.714537267186
"1818",205.24,199.429607088584
"1719",187.5,150.036237302589
"77",135.2,145.929781316026
"704",301.42,182.339457847893
"2949",137.5,174.143620075652
"370",108.71,141.972774323765
"2225",227.48,93.2232926692275
"1166",100,93.6527870112421
"1508",190,191.842380891178
"1898",167.51,165.408711593148
"689",110.02,216.01617900835
"419",290.89,254.488854468315
"626",188.84,273.943405678677
"388",106.45,152.522888636832
"1557",135.6,170.727365989527
"796",232.48,225.467630245445
"80",156.69,155.431112955176
"2063",112.25,143.674091268483
"2310",180,151.885696335626
"2700",119.52,183.118532801758
"2378",131.24,160.074345304265
"462",119.96,159.378263772265
"88",103.9,114.889410940936
"3065",207.5,188.273904197208
"3176",207.56,244.21509009373
"1621",102.49,67.0581400916908
"1609",113.96,138.186134769305
"147",111.68,133.271067779083
"2934",102.52,153.929701482978
"2913",107.49,144.229800194378
"2866",170,130.647481882736
"527",113.42,183.113989981601
"3033",127.5,151.88877264332
"471",142.5,177.547918661754
"645",103.25,102.294078090602
"1634",165.47,157.783391040326
"1307",137.5,146.988445720171
"515",120,149.08715736979
"2306",122,169.914795576986
"364",131.67,165.352787034793
"825",187.26,125.491616144915
"275",105.9,152.011855334532
"197",112.08,112.558354166164
"2466",262.5,181.244242943479
"154",118.12,148.335483815885
"1419",307.99,251.219115497029
"2605",245.46,269.966158085273
"45",140,85.4246883885238
"2030",122.5,165.359326443896
"2181",105.78,179.639576917144
"42",107.5,112.710242312038
"1220",175.45,183.501509067993
"2632",131.71,174.642844921336
"3064",125.49,134.807790007229
"1674",116.8,127.689795180866
"2830",181.26,243.014219975955
"1065",437.45,371.356800739182
"137",177.31,141.738013383749
"2962",359.15,466.291638729942
"2462",160.67,193.556012561877
"1321",170.59,90.9383531590036
"1020",106.25,88.2454457625327
"2891",124.35,170.20033473931
"2344",117.5,147.402905321348
"701",137.48,159.640042178313
"1869",137.5,122.535574468891
"1285",120,123.571192831892
"1436",295,242.211979701793
"1053",197.51,189.653942048513
"2250",122.5,113.985943054383
"530",252.49,168.545248744651
"123",196.3,164.162705514548
"954",107.5,113.664140669003
"288",190.73,233.789896481735
"2852",112.5,104.297030693528
"474",127.47,154.926419908383
"1029",170.86,157.302583082221
"201",260.42,247.540454300854
"411",111.53,91.5049049527698
"3157",142.52,174.955470606961
"2441",125,172.286073646032
"74",103.83,94.5022450419706
"1404",102.5,135.567939581123
"206",122.83,141.485874122023
"2177",290,283.5219176117
"752",112.98,151.909229485546
"892",112.48,133.654819084719
"2721",222.5,198.251638541772
"751",102.5,171.834244465079
"1578",130,131.424460941045
"1571",121.5,147.356395120325
"3149",165,174.598360909763
"2200",102.99,132.923405898428
"551",229.97,241.163012870044
"2184",171.25,125.733857808971
"1853",220,193.49073341342
"1979",137.5,150.331774800853
"2427",119.98,188.257974398427
"94",113.34,154.729717838447
"2453",419.95,366.859114219264
"2388",234.99,202.480276362279
"1348",215,183.166563238059
"2206",133.74,205.465363354667
"296",142.84,142.268374919792
"963",102.5,101.299040978537
"2043",269.97,228.852056292445
"2699",105,117.659455645867
"1670",142.5,115.185537278616
"668",112.96,136.275527929055
"1032",120,99.0811988793221
"1399",368.9,355.793553699702
"1726",147.5,182.888259422049
"3082",130,136.290203638658
"405",157.5,139.046107202981
"179",127.98,116.922319650445
"1252",169.99,113.66385354539
"172",119.2,107.343081545582
"1799",236.5,210.408856608646
"1943",190,213.520452796144
"1478",105,101.946221385958
"731",169.97,139.54426376162
"1470",150,160.924538428699
"2690",120,115.826210427445
"2661",107.51,153.682104666952
"616",145.25,108.707818596451
"1801",200,169.807575442852
"432",115,151.783719555366
"1126",106.22,138.973703578342
"555",197.73,230.036274530563
"2154",105.01,125.380084987644
"50",254.99,202.839579097375
"811",197.5,176.606683025139
"3097",138.37,105.014727124493
"1374",139.98,168.70436883164
"116",181.51,113.948888979061
"2172",135.81,222.233419467178
"2296",174.58,192.913820419788
"2597",140.5,139.849623661169
"426",142.51,130.553561634503
"2708",160.46,209.471907086342
"3137",281.46,261.352166397944
"618",159.67,176.179074759228
"1444",157.98,133.231040178014
"2236",106.17,135.420985199755
"2602",110,111.019624352688
"442",120,154.009724227487
"2502",187,121.512503518088
"860",100,95.4418132633432
"1947",267.49,212.195296626123
"2676",150,156.171456085721
"317",124.2,117.810123440785
"1008",114.5,115.798972073
"2188",108.97,141.865393335096
"3018",183.48,238.604358753952
"946",178.14,175.112780994156
"436",124.98,114.435483996995
"3178",115.01,128.866739378694
"2878",229.97,232.867478149659
"3058",117.5,154.080808676612
"502",106.21,108.412517177428
"3138",140,146.305579697697
"2720",123.98,159.376834483814
"1533",107.12,102.162895317957
"909",105.01,107.433272237907
"1653",105,112.448243916499
"1727",155,118.933011217461
"1822",131.42,172.910585177369
"2779",107.47,108.992734905633
"2297",212.5,211.61939096593
"1327",244.98,223.86312130731
"2564",157.5,178.080726341475
"1277",342.5,266.203918476065
"1697",145,120.389199070341
"1803",115.9,145.923602894624
"3163",162.52,153.382634723979
"2987",130,142.669317598753
"2383",142.5,155.546821765861
"129",105.95,146.543459615268
"3110",181.16,187.214515214388
"1410",185.02,154.903854098968
"1273",217.43,319.323933782393
"1078",125.82,168.15579690428
"187",179.66,175.013612255776
"2550",125,125.496838459018
"1486",198.5,158.939091486924
"1882",207.5,233.38611866081
"2849",112.48,160.670058031844
"2288",109.98,123.227823644646
"2585",140.5,112.037839592034
"1649",117.5,102.259659278885
"1863",114.25,133.367538263761
"1413",139.96,173.159129435359
"834",137.5,163.72735844736
"2054",112.48,162.578010040378
"1414",107.5,123.038610438673
"164",118.1,133.925679317666
"1650",117.49,124.699780435074
"562",177.48,183.046162496506
"3019",100.01,108.740275095166
"467",135,176.770063305841
"2125",488.73,369.089268683721
"2924",148.75,205.297734879836
"2060",149.98,190.757627837885
"2254",112.5,122.851351446117
"1651",135,138.541459125169
"2142",192.73,135.00630761901
"2857",138.13,166.691545739748
"2922",127.5,105.517332007827
"3208",161.5,144.112116270659
"1384",120.47,139.471313450249
"1619",150,140.113096546215
"2672",257.45,337.59508857362
"1805",182.49,156.733225893291
"2415",223.01,194.841591741436
"2996",117.5,132.69625357236
"2269",170.02,198.663079572786
"188",239.71,160.681445717957
"1423",110,107.154620003253
"818",106.48,133.469426787625
"8",122.5,130.678134048774
"199",102.48,102.297104049963
"1858",189.97,174.115610465424
"2273",339.98,179.013383697929
"1144",194.75,159.078971729507
"1361",169.98,108.916533054404
"539",157.99,203.096975923431
"2855",201.97,161.477284537938
"1813",106.8,197.65530323498
"2402",112.5,149.007887341727
"2017",102.5,139.028686626255
"1408",142.5,193.104067323386
"727",173.01,216.76209966511
"1299",733.57,752.478088300086
"583",290.94,344.215794870159
"650",140,122.430964952599
"3051",147.5,122.094501397021
"3197",172.5,130.705732511207
"27",135,102.147505344535
"1742",139.99,58.0040359843677
"717",241.62,235.104712754707
"617",112.52,162.120108543252
"2657",152.49,205.255281101625
"2340",183.51,251.051947344007
"499",102.5,90.1317258355167
"2509",142.52,140.311088411347
"1309",165,185.469125413105
"974",754.81,428.177311785658
"3181",125,116.653830554848
"215",104.67,109.207818754641
"3146",190.03,192.914688644551
"2457",315.12,354.034984362883
"2958",122.5,127.619060626706
"319",133.59,174.494475958059
"2128",144,103.346252720513
"2581",125,109.041752041802
"2854",120,125.111717895135
"2370",662.48,491.851565296712
"389",103.35,161.460038507568
"2587",141.01,142.100780600729
"3206",223.23,278.102140013036
"1553",147.51,172.738145381021
"3184",461.67,507.20755954914
"1375",106.25,123.629186895923
"2828",108.39,138.960884416647
"1581",223.46,212.285189030563
"1458",162.5,141.410214609279
"3027",120.02,203.562657130997
"1555",127.5,137.52609575929
"844",260,236.452121646829
"1185",138.51,165.067106642975
"3001",189.99,139.538406298169
"470",170,266.934672832508
"912",172.5,129.631214609445
"1354",112.5,119.455102230814
"842",115.02,138.560938293197
"720",367.25,281.369694433985
"1973",203.78,245.838641289552
"1191",132.5,125.722825439558
"2392",189.98,158.333135275848
"2150",137.48,189.316742604177
"868",397.48,306.607826034935
"71",106.63,144.193766713989
"1333",150,163.565542458316
"817",143.7,218.213393723477
"1207",160,185.788331189817
"726",121.11,117.797608943049
"373",115.98,195.440590639077
"2129",114.23,128.709250197752
"1860",197.5,133.631549892391
"2863",203.86,163.042849831678
"671",102.5,107.847926293708
"2367",125.03,197.374886835695
"862",312.5,274.767981469016
"1673",227.53,226.915114174549
"2068",256.49,220.050173622641
"7",127.5,157.81049537351
"1383",100,96.7774798052717
"2286",231.13,171.456455155451
"1490",124.5,149.383915713502
"2576",180,182.991507026357
"2136",102.5,89.8578511662953
"1865",202.51,179.755799433715
"52",122.25,162.337430266462
"1219",122.5,132.057247752899
"2349",135,157.116209874674
"1063",202.49,157.356965588892
"1814",135,147.483773488719
"691",256.76,280.001969406154
"2747",172.5,106.059977835055
"1483",107.98,156.967319497259
"2426",122.52,201.031273451566
"434",135.01,143.023338417894
"3024",160.45,220.563102302694
"2372",140.64,178.306346845158
"1295",135,122.665613355294
"1068",115,123.348827143065
"2036",110,154.516629592984
"2926",152.5,201.995678865288
"569",102.5,117.464362568881
"2864",239.3,229.784668841757
"663",424.95,209.624781443577
"21",100,80.1183609945548
"876",224.99,224.484026017202
"1874",313.43,392.508464247797
"2915",111.73,131.704759456014
"2088",135.48,166.298390243087
"2611",135.18,160.558284099045
"3034",120.01,175.802230156482
"1594",130,122.479818642202
"1811",131.34,139.032847898935
"783",110,124.35281359804
"3095",140,174.487187549054
"1345",129.75,149.782582442137
"1639",292.5,245.970206488659
"901",115.13,108.988994494375
"1268",112.5,80.0930532672161
"1780",150,140.662495765177
"2673",120,87.1176713036318
"2084",167.5,202.065971984096
"1167",141.75,174.396214474611
"1430",110,132.745363911716
"301",147.56,140.56038463765
"2091",126.52,164.484100664408
"2869",120,110.465809214904
"1921",121.24,164.992952969869
"902",115,142.890684242776
"379",340.02,235.414759652292
"3003",180,209.565718245126
"1840",132.51,123.090634103558
"1525",195.01,207.938240009683
"2246",155,137.500461916693
"1249",100,118.20269355819
"2134",142.49,140.642197275938
"184",190.31,143.177873725692
"1739",112.46,153.096546973152
"2694",229.99,184.145056401499
"2409",130.11,188.592396727935
"1900",155,170.179825243386
"477",219.98,189.528980410682
"326",111.79,138.607214806434
"61",167.48,94.8018869560529
"1039",121.25,82.9862621397396
"1769",195.01,179.003354414303
"519",400.9,379.840911089517
"1820",172.5,160.105947946747
"2909",205,168.126149665486
"2515",155.43,184.460590330602
"1765",135,121.062846847631
"335",138.52,118.601668005849
"968",274.98,81.823674810578
"1286",143.72,163.48134680022
"2670",133.75,130.848719148629
"516",130,189.0511179972
"1082",160.03,144.871189642884
"148",119.77,112.455807044204
"702",120.75,144.537243443664
"1914",155.02,174.041102493791
"359",147.36,197.480169393025
"1602",100,174.885721982545
"1139",188.62,176.103643703341
"1716",260,176.90305988646
"3009",117.18,172.304980132789
"2795",142.5,181.521056958918
"948",107.5,101.323188202525
"1741",106.71,137.157916818995
"799",173.48,171.931766842957
"2682",138.75,140.550582266138
"1305",149.34,204.490085971611
"1993",187.45,132.648226621937
"2910",254.05,326.795101226606
"1740",384.97,300.127907964575
"107",358.51,287.214904665334
"2519",100.01,104.21697430133
"2799",125.04,170.728431971452
"3073",104.75,146.585861389492
"1425",145,147.868552118387
"2026",110,93.7727746476819
"2345",207.97,161.207129387286
"1737",301.12,224.691780924234
"642",102.5,106.524579244983
"1722",312.5,327.842680205537
"486",287.5,294.979786801992
"666",120.01,121.630391620869
"1498",106.5,97.2189016351938
"3134",119.98,148.602433700067
"1231",153.37,160.834254703561
"676",105.5,96.3680838394325
"3038",100,132.172893034651
"1635",100,99.4337909543533
"1633",133.48,160.122401479949
"1325",102.5,124.941287058133
"1496",175,166.273911792504
"598",130,119.267215472717
"1026",200,163.939247210231
"357",582.26,462.436607507564
"1616",265,202.353386380575
"1365",157.5,142.479424774985
"2264",119.99,56.6713777034014
"3060",207.88,199.201280341105
"2163",165,139.617094284157
"85",108.59,85.3612645602074
"1793",125.48,190.959141717781
"1855",180,196.877413306042
"1487",427.52,358.706242168407
"1904",122.5,122.236919402616
"2173",102.5,100.929314826809
"2211",219.99,177.326199447118
"961",320.01,213.369172888001
"267",122.53,136.833402593531
"337",116.45,107.71294147703
"2499",172.99,225.222427839982
"595",107.51,111.803040000152
"3180",151.75,167.216054847888
"3049",176.39,90.6335276335762
"699",124.9,232.461418079492
"195",200.4,185.88892158341
"1236",107.5,168.746520724519
"306",138.56,189.972920495711
"163",157.3,148.925977491129
"266",127.38,141.567691790752
"1610",407.5,300.507254120084
"448",123.7,162.933724377853
"377",489,449.542955427822
"56",200.8,144.214230278137
"2927",100,71.7386827987645
"2393",113.46,162.095158579426
"1841",107.52,135.862856633549
"1910",190.48,205.325426057443
"2309",120.64,183.650186442974
"1395",167.51,177.021397245422
"969",122.5,121.450160061835
"800",112.5,123.448023512389
"2716",158.43,217.093833358541
"2357",139.5,125.790340216171
"1171",112.5,98.9742300667179
"2565",205.26,218.560962031959
"2738",160,100.453242054125
"3066",112.49,159.785124033552
"174",112.91,137.493906159551
"2598",110,130.511756052195
"2804",262.5,264.76585336917
"2691",116.16,171.509658052566
"509",121.69,172.194676245236
"2780",182.5,179.635115034205
"761",152.5,163.761125642513
"2223",280,229.664821423219
"566",127.5,149.595446617905
"202",208.59,197.523345805121
"1044",425,391.816555692146
"2031",107.5,125.364644009948
"108",101.22,88.5445541393229
"2000",132.5,140.668372172162
"1590",117.49,75.4419947134226
"1494",229.96,253.777876701087
"487",112.5,143.685364290768
"1495",140,116.814103576797
"1728",142.5,132.45312432264
"2976",296.87,275.139010136026
"2384",190,186.357932383051
"2151",100,77.2585590107809
"2731",112.5,108.875012434786
"2488",132.51,92.3495464784654
"1460",107.5,133.452793157515
"67",116.11,134.514419354923
"2524",201.16,233.424532975114
"3068",124.99,156.477591453656
"2229",150,163.231205971879
"321",157.27,161.298931021486
"2970",135.92,190.794019528471
"728",140.01,152.078490146616
"2203",109.93,154.420205054219
"229",105.85,111.483897511352
"2792",122.5,161.981060089584
"2085",126.75,148.799675416103
"1917",304.99,253.536533723436
"5",335.05,258.22080558423
"1611",107.5,106.780375087474
"521",110.64,120.795333936031
"2874",122.5,127.041426374554
"234",106.8,132.808821373675
"133",101.58,108.862787201992
"2815",105,153.685176657324
"1371",114,126.437132657442
"683",120,125.373020874546
"492",140,131.578999559966
"2948",145,135.583403570037
"2013",279.99,227.62094826799
"681",116.26,152.809740349111
"1676",102.75,125.769912311884
"263",170.75,153.18805273111
"2889",138,138.790217977418
"865",220.62,199.951099164108
"1304",152.5,180.225062811771
"2034",142.5,107.062518923455
"1125",152.5,171.998536751857
"2411",115.01,91.8544321656277
"1223",195,142.226199509915
"1756",304.43,425.073558521829
"508",127.5,166.072107275743
"890",140,145.781789153939
"3117",100.01,125.557922584794
"1922",105,111.336069779233
"2078",182.5,199.602096398918
"233",139.19,210.026570046824
"1779",178.66,215.824526364553
"556",100.08,140.49603180244
"685",117.51,111.532760361179
"3030",125,139.874633032824
"2377",100,109.670733689335
"1290",192.5,197.622106090663
"1629",137.5,93.7553766962488
"3167",195.27,211.268363555633
"2631",170,129.837300846124
"3194",110,137.877559397346
"3201",175.51,217.504110488001
"2262",122.5,130.63439910582
"1187",100,100.877085723736
"2323",107.5,153.973116964164
"1632",115,126.885452866811
"1752",135,186.250459146192
"2717",164.96,255.550474847465
"12",125.04,161.52587095205
"1680",120,95.2967905073905
"308",103.51,86.6746317521669
"1938",303.69,325.75795852966
"1155",107.5,118.870530131912
"3204",205,239.936668899461
"1040",110,87.3340585668433
"1675",158.26,155.946323513132
"2903",125.01,107.565038366631
"756",122.5,131.910195196968
"2397",130.69,216.078314338048
"2832",424.94,273.301923492829
"2809",100,124.521929493913
"1093",260,214.75260405835
"1242",205.5,200.496114645026
"1227",107.5,133.051109261999
"787",195,164.078399202821
"2096",102.5,93.8580038582789
"1485",105.21,169.691732220914
"523",125,89.4022444039272
"722",153.66,152.348691854484
"446",604.75,663.950692913064
"2904",106,134.963430979056
"1476",132.5,165.655212578269
"2207",122.5,114.383259031431
"173",125.38,136.480173885171
"3041",117.5,83.3903931151241
"2675",133.75,139.621253007487
"30",205.01,259.105950678208
"347",112.59,140.270097214678
"2693",273.93,278.953987673492
"1069",431.71,390.509709262304
"1764",750.96,418.306933786175
"1440",272.5,171.865190793203
"2653",107.5,127.914137449707
"1251",125,126.935077152472
"1435",106.46,112.763092087535
"1652",297.48,349.721806608495
"2535",210,157.181070924704
"3199",115.93,155.14762396994
"2146",591.75,475.669897906897
"2841",125,162.176506180393
"225",280.66,200.008683539892
"966",209.99,130.059734182656
"1786",245,219.207505715865
"1817",142.97,148.822857005155
"309",137.24,172.21104055737
"3004",180.48,146.017592154273
"542",132.5,173.485631776659
"572",254.99,178.36872045617
"2210",150,141.005539948582
"2818",115,125.808212570309
"1448",165,168.29792599758
"2975",127.5,125.162137002506
"917",112.5,135.163513736427
"1661",117.5,139.865575162829
"2625",140,122.874793298635
"1627",135.41,141.493012495091
"238",313.08,215.409974474117
"1141",189.92,240.181518382873
"2628",240.98,237.998340927151
"3152",230.22,222.834223435395
"2574",114,135.485219510886
"1107",115,138.06982881046
"2097",120.75,129.266122021349
"1784",173.68,178.960843391278
"409",260,187.636494083138
"2533",270.93,223.907762913273
"1953",203.62,177.098155506265
"1463",198.66,221.008845840412
"604",152,143.84345301416
"507",113.47,133.118823883278
"2919",165,151.665767703672
"1031",101.25,114.104494189958
"1222",130.01,135.385066459738
"1105",130,137.865831851617
"1567",132.5,152.102544284471
"1339",105,160.16997460544
"1524",282.95,234.49070933162
"1247",105,99.3372072700708
"2880",120,123.461166714062
"298",114.33,176.989579463044
"412",239.23,252.135165247874
"3042",452.2,355.884608369144
"2198",200,176.26534449217
"2326",199.3,219.098435908936
"2942",135,89.4912193904742
"737",117.5,128.619965350785
"1263",141.95,127.221365137472
"1379",146.25,156.643913116427
"1543",167.51,150.783844445034
"1892",100.04,122.63706029633
"867",162.5,170.180360799113
"2117",150,116.2444519275
"3185",147.52,175.499446576899
"2969",187.49,164.815908714479
"131",117.17,112.221508250039
"660",232.47,248.943530593205
"1261",120,103.956467449996
"1544",116.2,132.332838510281
"1041",174.27,270.734724327497
"48",275,243.519054394523
"1576",142.38,176.195611147702
"1349",333.16,270.64019448123
"1136",295,242.097065662135
"159",162.81,141.252048818287
"2856",135,124.246176405039
"1370",110.01,124.350417799857
"1540",250,224.011146825482
"850",255.01,252.384019252552
"2015",107.5,106.761474209855
"1118",293.48,247.148888903277
"1515",143.24,130.424746294848
"2835",140.09,86.7107200457426
"816",352.5,236.518490581341
"2943",192.52,194.447558801567
"2127",122.5,128.488009396615
"2033",142.47,121.717190170234
"1952",128.65,155.553571537208
"3170",105,124.056062132655
"2506",132.5,167.643149590365
"2403",221.79,275.806923563978
"3129",117.64,102.777903629187
"270",131.46,147.006163945985
"1830",112.5,134.597400038556
"2276",180,166.582053249536
"2991",124.98,81.3248344935272
"682",100,93.7747668499838
"1789",129.95,179.648028567468
"2806",117.51,153.677687291052
"2465",102.17,165.184401962366
"1177",110,119.301899999226
"2545",145,133.450749036362
"3119",124.21,165.797446784409
"2003",110,161.288570185256
"2483",150,138.518748436259
"1893",142.5,161.557998621476
"2788",155.95,147.36982007771
"2938",226.26,234.431583270445
"1427",107.5,108.102036795486
"3139",132.5,137.350315726477
"2040",205,246.991299763427
"1147",207.5,170.301113083899
"1972",225.45,242.480586597683
"2352",152.5,160.016309343126
"1108",105,133.006916065491
"672",183.53,234.772812718668
"1852",112.5,155.213186225638
"2075",185,150.183681579364
"2157",179.52,202.673337879321
"103",223.43,183.592085947429
"93",113.77,83.7443298058194
"1622",115,92.9330114933385
"2627",269.25,274.305306149719
"303",181.57,166.231810149699
"1323",225,281.183920302728
"2410",110,137.710667723825
"820",186,202.036038043719
"2853",155.5,137.901485788469
"1926",201.59,203.488461631325
"2362",113,154.162166275819
"2351",130,86.5378377120199
"323",105.83,117.773180591973
"1391",102.5,100.635966481579
"1471",145,155.592151810583
"1800",152.98,201.633460405674
"2255",202.5,233.360111827904
"1664",100,100.659362913609
"2439",102.54,147.978262045371
"2108",148.64,239.580360397214
"1138",228.75,224.96698086082
"1090",111.71,163.077681759298
"239",102.58,118.704511173859
"984",153.43,177.492801931171
"3096",205,187.159250090336
"3013",195,151.418957197834
"3113",107.52,138.415650335234
"73",143.32,113.784629169825
"937",137.5,120.770704214692
"1642",142.5,148.745693920365
"837",105,125.389956144223
